,Entrez_Gene_Id,counts,Perc_Bi_Allelic
0,7273,31,
1,94025,23,1.0
2,4540,19,
3,65110,19,
4,133060,19,
5,4583,18,
6,7157,18,
7,85319,17,
8,6262,15,
9,388963,15,
10,4744,15,1.0
11,79633,14,
12,5314,14,1.0
13,4538,14,
14,6310,13,
15,730051,13,
16,1499,13,
17,667,13,
18,4512,13,
19,7399,13,1.0
20,3425,13,1.0
21,386675,12,1.0
22,57705,12,
23,6708,11,1.0
24,129684,11,
25,1933,11,1.0
26,4519,11,
27,113146,11,
28,6261,11,
29,2876,11,1.0
30,439915,11,
31,84033,11,1.0
32,386674,10,1.0
33,54700,10,
34,23145,10,
35,653240,10,
36,1767,10,
37,9612,10,
38,283685,10,
39,777,9,
40,4035,9,1.0
41,9344,9,1.0
42,3782,9,
43,80309,9,1.0
44,114788,9,
45,2195,9,
46,196385,9,
47,2778,9,1.0
48,64072,9,1.0
49,346007,9,1.0
50,64478,9,
51,338,9,
52,120114,9,
53,287,9,
54,342372,9,1.0
55,2201,9,1.0
56,129446,9,
57,1768,9,
58,80816,9,
59,65217,9,
60,23499,9,
61,1756,8,
62,23166,8,
63,3856,8,
64,79987,8,
65,80144,8,
66,26053,8,
67,83481,8,
68,340990,8,
69,11284,8,
70,2312,8,
71,8029,8,1.0
72,389690,8,
73,84627,8,
74,5649,8,
75,353299,8,
76,6908,8,
77,203447,8,
78,83872,8,
79,1002,7,
80,64207,7,
81,4585,7,
82,123624,7,
83,374860,7,
84,83660,7,
85,8085,7,
86,128611,7,
87,53353,7,1.0
88,57634,7,1.0
89,23148,7,1.0
90,202333,7,1.0
91,7148,7,1.0
92,63035,7,
93,57451,7,1.0
94,1486,7,
95,8216,7,
96,8924,7,
97,442444,7,
98,7450,7,
99,9659,7,
100,4763,7,1.0
101,10075,7,1.0
102,84059,7,
103,3911,7,
104,1770,7,1.0
105,1289,7,1.0
106,284217,7,
107,23345,7,1.0
108,5361,7,1.0
109,400986,6,
110,2066,6,
111,63923,6,1.0
112,57575,6,1.0
113,80003,6,1.0
114,55567,6,1.0
115,5789,6,1.0
116,55200,6,
117,3756,6,1.0
118,57616,6,
119,4163,6,1.0
120,321,6,1.0
121,1062,6,
122,127602,6,
123,388698,6,
124,57481,6,
125,347088,6,1.0
126,23224,6,
127,643677,6,
128,11283,6,1.0
129,1464,6,
130,139378,6,1.0
131,119587,6,1.0
132,57477,6,
133,2975,6,1.0
134,283638,6,
135,54798,6,
136,472,6,
137,58508,6,
138,60676,6,
139,286343,6,
140,5365,6,
141,5099,6,1.0
142,8701,6,1.0
143,9353,6,1.0
144,5428,6,
145,80781,6,
146,8425,6,
147,51676,6,1.0
148,6332,6,
149,54777,6,
150,221833,6,1.0
151,3339,6,1.0
152,25878,6,1.0
153,125336,6,
154,23067,6,
155,127731,6,1.0
156,22795,6,1.0
157,54856,6,
158,4330,6,1.0
159,55196,6,1.0
160,79776,6,
161,9554,6,
162,170691,6,1.0
163,6326,6,
164,92235,5,
165,5310,5,1.0
166,84467,5,
167,137902,5,
168,7049,5,
169,342184,5,
170,546,5,
171,55603,5,
172,727897,5,
173,10347,5,
174,8632,5,1.0
175,154664,5,1.0
176,81792,5,
177,22859,5,
178,55454,5,1.0
179,51232,5,
180,23392,5,
181,388015,5,
182,389763,5,
183,83959,5,
184,23670,5,
185,4703,5,
186,3096,5,
187,81926,5,1.0
188,779,5,
189,23094,5,
190,84650,5,
191,5573,5,
192,5362,5,
193,256076,5,
194,259266,5,
195,91074,5,
196,57528,5,
197,6092,5,
198,4624,5,
199,8243,5,
200,57556,5,
201,492,5,
202,55959,5,1.0
203,79670,5,
204,170685,5,
205,340602,5,
206,150,5,
207,79798,5,
208,219578,5,
209,23414,5,
210,55714,5,1.0
211,7179,5,
212,11200,5,
213,202,5,
214,114815,5,
215,23281,5,1.0
216,10985,5,
217,91409,5,
218,84133,5,
219,144132,5,
220,11083,5,
221,390429,5,
222,89795,5,
223,26065,5,
224,126206,5,
225,57512,5,1.0
226,56979,5,
227,7143,5,
228,288,5,
229,11273,5,
230,1462,5,
231,6621,5,
232,5923,5,
233,440279,5,
234,55636,5,
235,3908,5,
236,54058,5,
237,286234,5,
238,57683,5,1.0
239,392862,5,1.0
240,9228,5,1.0
241,65065,5,
242,5792,5,
243,4650,5,
244,55187,5,
245,90113,5,
246,145508,5,
247,127069,5,
248,85320,5,1.0
249,9590,5,
250,9172,5,
251,6476,5,1.0
252,55802,5,
253,23331,5,
254,1954,5,
255,23135,5,
256,4297,5,
257,2324,5,1.0
258,51750,5,
259,388697,5,1.0
260,23096,5,
261,341640,5,
262,23080,5,
263,26230,5,
264,200205,5,
265,5069,5,1.0
266,23040,5,
267,1794,5,
268,3768,5,
269,80312,4,1.0
270,80760,4,
271,51059,4,
272,10919,4,
273,65268,4,1.0
274,390927,4,
275,6328,4,1.0
276,9863,4,
277,9919,4,
278,133584,4,
279,84695,4,
280,116443,4,
281,23245,4,
282,83886,4,
283,26154,4,
284,221981,4,1.0
285,91522,4,1.0
286,27147,4,1.0
287,399687,4,1.0
288,2357,4,1.0
289,10695,4,
290,10046,4,
291,23001,4,
292,124222,4,
293,26986,4,
294,2200,4,
295,84229,4,
296,205147,4,
297,92154,4,
298,1778,4,
299,22937,4,
300,197258,4,
301,23093,4,1.0
302,10290,4,
303,6263,4,
304,57661,4,
305,2058,4,
306,161176,4,
307,2803,4,
308,10178,4,1.0
309,84966,4,1.0
310,57654,4,
311,23524,4,1.0
312,8541,4,
313,114780,4,1.0
314,146862,4,
315,57623,4,
316,54507,4,
317,1294,4,1.0
318,6608,4,
319,3066,4,1.0
320,5395,4,1.0
321,11182,4,1.0
322,5332,4,
323,79799,4,
324,57282,4,1.0
325,59341,4,1.0
326,7074,4,
327,9126,4,
328,547,4,1.0
329,11078,4,
330,1046,4,
331,23352,4,
332,4651,4,1.0
333,285877,4,
334,5339,4,
335,169044,4,
336,10343,4,1.0
337,3167,4,
338,84166,4,1.0
339,8747,4,
340,340533,4,
341,79839,4,
342,1010,4,
343,3636,4,
344,90134,4,
345,58506,4,
346,1130,4,
347,2782,4,1.0
348,51366,4,
349,344905,4,
350,57486,4,
351,116984,4,
352,51808,4,
353,55083,4,
354,25903,4,
355,9758,4,
356,375616,4,
357,386724,4,
358,84624,4,
359,463,4,1.0
360,2911,4,
361,114801,4,
362,93035,4,
363,23218,4,
364,145581,4,
365,219432,4,
366,57187,4,
367,22986,4,1.0
368,23242,4,1.0
369,137970,4,
370,4851,4,
371,64901,4,
372,135941,4,
373,133482,4,
374,9311,4,
375,9038,4,
376,348980,4,
377,6528,4,
378,8989,4,
379,84726,4,1.0
380,54796,4,
381,2157,4,
382,1260,4,
383,53942,4,
384,4846,4,
385,283450,4,
386,9704,4,
387,1373,4,
388,57697,4,1.0
389,84620,4,
390,8857,4,
391,54510,4,
392,6499,4,1.0
393,203522,4,1.0
394,9736,4,
395,50485,4,1.0
396,127294,4,1.0
397,389730,4,
398,283310,4,1.0
399,57628,4,1.0
400,223117,4,
401,79649,4,
402,23379,4,
403,9312,4,
404,84629,4,
405,2905,4,
406,5178,4,
407,2828,4,
408,3697,4,1.0
409,3709,4,1.0
410,6712,4,1.0
411,6238,4,
412,164656,4,1.0
413,8777,4,
414,3321,4,1.0
415,1463,4,
416,29123,4,
417,126549,4,
418,3884,4,
419,126205,4,1.0
420,1501,4,
421,8406,4,
422,3798,4,
423,4300,4,
424,57554,4,
425,27112,4,
426,9780,4,
427,10451,4,
428,1469,4,
429,26040,4,
430,57466,4,
431,51596,4,
432,776,4,
433,238,4,
434,91584,4,
435,9699,4,
436,23054,4,
437,5462,4,
438,79705,4,
439,643314,4,1.0
440,54551,4,
441,7091,4,
442,1956,4,
443,23023,4,
444,90668,4,1.0
445,4210,4,1.0
446,9180,4,
447,79838,4,
448,51168,4,
449,22979,4,
450,9849,4,
451,460,4,
452,259232,4,
453,493860,4,
454,6522,4,
455,9620,4,
456,1804,4,
457,11280,4,
458,1828,4,
459,346517,4,
460,54439,4,1.0
461,29128,4,
462,341350,4,
463,23654,4,1.0
464,153643,4,
465,7407,4,
466,7310,4,1.0
467,285175,4,
468,3382,4,1.0
469,4622,4,
470,57214,4,
471,93589,4,
472,3710,4,1.0
473,9912,4,1.0
474,7038,4,
475,4311,4,
476,6101,4,
477,57540,4,1.0
478,56171,4,1.0
479,79747,4,1.0
480,5406,4,1.0
481,171019,4,
482,9859,4,
483,6002,4,
484,339829,4,
485,114928,4,
486,240,4,1.0
487,374654,4,1.0
488,282996,4,1.0
489,57182,4,1.0
490,94137,4,1.0
491,442319,3,1.0
492,400713,3,1.0
493,3631,3,1.0
494,107,3,
495,57529,3,
496,55628,3,
497,3676,3,
498,164045,3,
499,6334,3,
500,22798,3,
501,147645,3,
502,3708,3,
503,57553,3,
504,219487,3,
505,57113,3,
506,157680,3,
507,1996,3,
508,8295,3,
509,5476,3,1.0
510,79802,3,
511,59269,3,
512,192669,3,
513,7062,3,
514,84154,3,
515,122622,3,1.0
516,5903,3,
517,2290,3,
518,83860,3,
519,196883,3,
520,3949,3,
521,729085,3,
522,2028,3,
523,8239,3,1.0
524,121006,3,
525,55320,3,
526,57497,3,
527,2180,3,1.0
528,5078,3,
529,118611,3,
530,57185,3,
531,50853,3,
532,89766,3,
533,3939,3,
534,9690,3,
535,10142,3,1.0
536,84076,3,
537,9905,3,
538,2050,3,
539,4111,3,
540,51196,3,
541,1757,3,
542,1290,3,
543,343641,3,
544,22918,3,
545,285550,3,1.0
546,4967,3,1.0
547,221322,3,1.0
548,29947,3,
549,3991,3,
550,127795,3,
551,3983,3,
552,117532,3,
553,1301,3,1.0
554,158471,3,
555,778,3,
556,11023,3,
557,79744,3,
558,773,3,1.0
559,84700,3,
560,27328,3,
561,23230,3,
562,222537,3,
563,50509,3,1.0
564,27295,3,
565,440730,3,
566,64746,3,
567,23105,3,
568,139170,3,
569,84443,3,
570,23598,3,1.0
571,341019,3,1.0
572,9201,3,
573,1005,3,
574,5063,3,
575,4648,3,
576,27152,3,1.0
577,139189,3,1.0
578,64714,3,
579,55236,3,
580,5335,3,
581,221806,3,
582,285313,3,
583,7094,3,
584,2972,3,
585,11152,3,1.0
586,922,3,1.0
587,221400,3,1.0
588,1630,3,
589,613,3,
590,7694,3,1.0
591,1357,3,
592,23140,3,
593,64919,3,
594,9914,3,
595,57713,3,
596,642612,3,
597,9509,3,
598,54768,3,1.0
599,91662,3,1.0
600,57689,3,
601,124454,3,
602,57673,3,1.0
603,100132406,3,
604,81469,3,
605,9790,3,
606,8497,3,
607,9826,3,
608,3660,3,
609,1282,3,
610,4535,3,
611,7409,3,
612,1106,3,
613,388939,3,1.0
614,23126,3,
615,23086,3,
616,158248,3,
617,220965,3,
618,93099,3,
619,79648,3,
620,89885,3,
621,1114,3,
622,259308,3,
623,57101,3,
624,26057,3,
625,5232,3,
626,5591,3,
627,5256,3,
628,93664,3,
629,9705,3,1.0
630,5288,3,
631,8031,3,
632,55832,3,
633,55584,3,
634,286,3,
635,56776,3,
636,5593,3,1.0
637,317701,3,
638,1523,3,
639,389384,3,
640,57626,3,
641,774,3,
642,10523,3,1.0
643,9037,3,1.0
644,81871,3,1.0
645,3482,3,
646,3698,3,1.0
647,57642,3,
648,284297,3,1.0
649,23223,3,1.0
650,23261,3,
651,2741,3,1.0
652,7936,3,
653,389840,3,
654,4774,3,1.0
655,4916,3,1.0
656,4854,3,1.0
657,89910,3,1.0
658,862,3,1.0
659,5321,3,
660,6707,3,
661,10395,3,
662,9439,3,
663,138199,3,
664,387267,3,
665,4292,3,
666,2891,3,
667,150365,3,1.0
668,56157,3,
669,7552,3,
670,4308,3,1.0
671,2263,3,
672,85290,3,
673,80731,3,1.0
674,23373,3,
675,54617,3,
676,2813,3,1.0
677,30061,3,1.0
678,9583,3,
679,1811,3,
680,57144,3,
681,152206,3,
682,55511,3,
683,344148,3,1.0
684,57722,3,
685,22941,3,
686,23101,3,1.0
687,2533,3,1.0
688,6573,3,1.0
689,375337,3,
690,23077,3,
691,2181,3,
692,4542,3,
693,4990,3,
694,8714,3,
695,10497,3,1.0
696,6597,3,
697,2559,3,
698,10699,3,
699,4604,3,
700,317719,3,
701,80243,3,
702,324,3,
703,57670,3,
704,157753,3,
705,23165,3,
706,2019,3,
707,64123,3,
708,89944,3,
709,283316,3,
710,387755,3,
711,8792,3,
712,114548,3,
713,10915,3,
714,1915,3,1.0
715,4670,3,1.0
716,10595,3,1.0
717,22885,3,
718,10111,3,1.0
719,375449,3,1.0
720,84631,3,
721,283284,3,
722,55209,3,
723,4010,3,
724,5979,3,
725,8842,3,
726,5297,3,
727,84445,3,
728,5257,3,
729,85445,3,1.0
730,10137,3,1.0
731,6709,3,
732,54822,3,1.0
733,54806,3,
734,3581,3,1.0
735,128506,3,1.0
736,84530,3,
737,140612,3,
738,94160,3,
739,27253,3,
740,25960,3,
741,53833,3,
742,64084,3,
743,219736,3,
744,9362,3,1.0
745,151516,3,1.0
746,2674,3,
747,4745,3,
748,79258,3,
749,390538,3,
750,5308,3,
751,10857,3,
752,54934,3,1.0
753,7373,3,
754,5926,3,
755,3383,3,
756,338322,3,
757,10057,3,
758,1877,3,
759,65267,3,
760,3064,3,
761,1310,3,1.0
762,146713,3,
763,56163,3,
764,51594,3,
765,4513,3,
766,121256,3,
767,8623,3,
768,64761,3,
769,29944,3,
770,8671,3,
771,57198,3,
772,2554,3,
773,8863,3,1.0
774,118788,3,1.0
775,23461,3,1.0
776,1075,3,1.0
777,375748,3,1.0
778,1006,3,1.0
779,11214,3,1.0
780,84970,3,1.0
781,11262,3,1.0
782,9231,3,
783,4204,3,
784,56269,3,1.0
785,50649,3,1.0
786,158809,3,
787,6872,3,
788,23616,3,
789,9295,3,
790,23640,3,
791,79993,3,
792,57482,3,
793,142,3,
794,9256,3,1.0
795,9248,3,
796,3101,3,1.0
797,11190,3,
798,58512,3,
799,5116,3,1.0
800,23549,3,1.0
801,8927,3,
802,221935,3,
803,1380,3,
804,7511,3,
805,285489,3,
806,23312,3,
807,2834,3,
808,2842,3,
809,4897,3,
810,11054,3,
811,25888,3,
812,23344,3,
813,9472,3,
814,554226,3,1.0
815,827,3,
816,64324,3,
817,2898,3,
818,899,3,
819,285600,3,
820,55737,3,
821,5896,3,1.0
822,55729,3,1.0
823,11173,3,
824,22861,3,1.0
825,441024,3,
826,7058,3,1.0
827,10051,3,1.0
828,219595,3,
829,27124,3,
830,10752,3,1.0
831,7380,3,
832,84433,3,
833,1824,3,
834,23236,3,
835,85456,3,
836,114134,3,
837,4541,3,
838,284434,3,1.0
839,84441,3,
840,257397,3,
841,2214,3,1.0
842,480,3,1.0
843,50944,3,
844,57828,3,
845,170394,3,
846,171482,3,1.0
847,284123,3,
848,286451,3,
849,79813,3,
850,3910,3,
851,7498,3,
852,347734,3,
853,27076,3,
854,353189,3,
855,85865,3,
856,6185,3,
857,8411,3,
858,285659,3,
859,388468,3,
860,80342,3,
861,5029,3,1.0
862,2041,3,1.0
863,8170,3,
864,4514,3,
865,7099,3,
866,55922,3,1.0
867,2528,3,1.0
868,9024,3,
869,10060,3,1.0
870,57829,3,
871,83889,3,
872,201627,3,
873,25981,3,
874,51332,3,
875,55117,3,
876,51696,3,
877,89932,3,
878,9956,3,
879,85377,3,
880,11122,3,
881,168507,3,1.0
882,27434,3,
883,5802,3,1.0
884,54549,3,
885,55655,3,
886,3792,3,
887,6548,3,
888,23211,3,
889,3718,3,1.0
890,4485,3,
891,64800,3,
892,25891,3,
893,2897,3,
894,204474,3,1.0
895,23266,3,
896,735,3,
897,5771,3,
898,9915,3,
899,728635,3,1.0
900,7755,3,1.0
901,9907,3,
902,23299,3,
903,1616,3,
904,386676,3,1.0
905,8972,3,
906,824,3,
907,23194,3,
908,84162,3,1.0
909,81622,3,1.0
910,22844,3,
911,4626,3,1.0
912,139804,3,
913,80332,3,1.0
914,254827,3,
915,6710,3,1.0
916,8499,3,
917,1287,3,
918,51761,3,
919,4666,3,1.0
920,23114,3,
921,22807,3,
922,27315,3,1.0
923,881,3,
924,10013,3,1.0
925,576,3,
926,10562,3,
927,22948,3,
928,165215,3,1.0
929,9843,3,1.0
930,122402,3,1.0
931,138802,3,
932,2894,3,
933,9851,3,
934,1769,3,
935,23046,3,
936,284498,3,
937,22915,3,
938,128822,3,
939,1000,3,
940,57582,3,
941,1288,3,
942,3361,3,
943,57589,3,
944,27146,3,
945,390649,3,
946,7840,3,
947,2591,3,
948,6146,3,
949,9747,3,1.0
950,390191,3,
951,80000,3,
952,4288,3,
953,5211,3,
954,10277,3,
955,5549,3,
956,401387,3,
957,389257,3,
958,26762,3,
959,51313,3,
960,5371,3,
961,123041,3,
962,7260,3,
963,114784,3,
964,59344,3,
965,151827,3,
966,91574,3,
967,7226,3,
968,51270,3,
969,84501,3,
970,22865,3,
971,57678,3,
972,89,3,
973,92293,3,
974,80206,3,
975,140453,3,
976,152,3,1.0
977,84251,3,
978,26999,3,
979,51742,3,
980,79934,3,
981,88,3,
982,401992,3,
983,115761,3,
984,81832,3,
985,10380,3,
986,32,3,
987,8471,3,1.0
988,5243,3,
989,256364,3,
990,8629,3,
991,8614,3,
992,1063,3,
993,10914,3,
994,9379,3,
995,5067,3,
996,138724,3,
997,3273,3,
998,10388,3,
999,127665,3,1.0
1000,166336,3,1.0
1001,79054,3,1.0
1002,8204,3,1.0
1003,57716,3,1.0
1004,57724,3,1.0
1005,79933,3,1.0
1006,90293,3,1.0
1007,55243,3,1.0
1008,56884,3,
1009,140803,3,
1010,22906,3,1.0
1011,6503,3,
1012,57620,3,1.0
1013,655,3,
1014,81030,3,1.0
1015,4605,3,
1016,3097,3,1.0
1017,10180,3,
1018,6098,3,1.0
1019,51339,3,
1020,1080,3,
1021,91156,3,
1022,23500,3,
1023,55619,3,
1024,91748,2,1.0
1025,25976,2,
1026,138639,2,
1027,222584,2,
1028,204219,2,
1029,134549,2,1.0
1030,50640,2,
1031,644150,2,
1032,9600,2,
1033,25836,2,
1034,79310,2,
1035,6468,2,
1036,130271,2,
1037,9748,2,
1038,283694,2,1.0
1039,138803,2,
1040,81127,2,
1041,9700,2,
1042,1272,2,
1043,85417,2,
1044,85289,2,
1045,3178,2,
1046,85301,2,1.0
1047,29994,2,
1048,116064,2,1.0
1049,25896,2,
1050,79190,2,
1051,441639,2,1.0
1052,25940,2,
1053,1308,2,1.0
1054,9508,2,
1055,1291,2,
1056,100132476,2,1.0
1057,29978,2,
1058,64787,2,
1059,5442,2,
1060,7439,2,1.0
1061,5426,2,
1062,55035,2,1.0
1063,25936,2,1.0
1064,347365,2,
1065,9320,2,
1066,64759,2,
1067,22868,2,
1068,9584,2,
1069,54682,2,
1070,7535,2,1.0
1071,163223,2,
1072,9352,2,
1073,81035,2,
1074,54674,2,
1075,257169,2,1.0
1076,1244,2,
1077,5294,2,
1078,54454,2,
1079,1212,2,
1080,400735,2,1.0
1081,210,2,
1082,9560,2,
1083,2516,2,
1084,5334,2,
1085,11281,2,
1086,9948,2,
1087,54914,2,
1088,196527,2,
1089,8720,2,
1090,4001,2,
1091,51725,2,
1092,23047,2,
1093,1687,2,
1094,23039,2,
1095,4017,2,
1096,115708,2,
1097,91949,2,
1098,112574,2,
1099,8672,2,
1100,55775,2,
1101,2525,2,
1102,55282,2,
1103,4638,2,1.0
1104,6687,2,
1105,8736,2,
1106,121355,2,1.0
1107,3993,2,1.0
1108,152110,2,1.0
1109,121391,2,1.0
1110,51096,2,
1111,27185,2,
1112,387597,2,1.0
1113,23095,2,
1114,23051,2,1.0
1115,79726,2,
1116,26468,2,
1117,8776,2,
1118,1880,2,
1119,9110,2,
1120,8648,2,1.0
1121,55290,2,
1122,256764,2,
1123,4211,2,
1124,10396,2,1.0
1125,8456,2,
1126,2317,2,
1127,112937,2,
1128,8341,2,
1129,137362,2,
1130,23064,2,1.0
1131,84261,2,
1132,22839,2,
1133,8325,2,
1134,57469,2,
1135,653643,2,
1136,57688,2,
1137,84317,2,
1138,51312,2,1.0
1139,4099,2,
1140,22887,2,
1141,57453,2,1.0
1142,26993,2,1.0
1143,79974,2,1.0
1144,54443,2,
1145,93,2,
1146,6543,2,
1147,338321,2,
1148,391190,2,
1149,412,2,1.0
1150,63915,2,
1151,6575,2,
1152,29106,2,
1153,2056,2,
1154,113251,2,
1155,2661,2,1.0
1156,283238,2,
1157,9096,2,
1158,100129583,2,1.0
1159,339669,2,
1160,11059,2,1.0
1161,222008,2,1.0
1162,23359,2,
1163,23367,2,
1164,2901,2,
1165,9940,2,
1166,3785,2,
1167,1736,2,
1168,9892,2,
1169,7007,2,
1170,9080,2,
1171,56995,2,
1172,908,2,
1173,283422,2,
1174,390142,2,1.0
1175,64411,2,
1176,924,2,
1177,84893,2,
1178,64427,2,
1179,390066,2,
1180,11201,2,1.0
1181,23503,2,1.0
1182,3670,2,
1183,50848,2,
1184,7874,2,1.0
1185,1012,2,
1186,54922,2,1.0
1187,9208,2,
1188,23335,2,
1189,64283,2,
1190,27241,2,
1191,55066,2,1.0
1192,10044,2,
1193,139067,2,
1194,150483,2,
1195,6721,2,1.0
1196,3897,2,1.0
1197,8848,2,
1198,374786,2,
1199,10036,2,
1200,3889,2,
1201,2733,2,
1202,5930,2,
1203,1832,2,
1204,57115,2,
1205,60481,2,
1206,23247,2,
1207,6935,2,
1208,8912,2,
1209,6830,2,
1210,284418,2,
1211,23255,2,
1212,402381,2,1.0
1213,23263,2,1.0
1214,284402,2,
1215,7915,2,1.0
1216,10993,2,
1217,5858,2,
1218,23287,2,
1219,26024,2,
1220,23303,2,
1221,2837,2,
1222,1436,2,
1223,5675,2,
1224,9648,2,
1225,8745,2,
1226,246176,2,
1227,51780,2,
1228,340547,2,
1229,6718,2,
1230,10661,2,
1231,125488,2,
1232,6571,2,1.0
1233,6555,2,1.0
1234,4647,2,
1235,23062,2,1.0
1236,29102,2,
1237,84502,2,
1238,285190,2,
1239,27136,2,
1240,162394,2,
1241,2660,2,
1242,154043,2,
1243,27005,2,
1244,6507,2,1.0
1245,53919,2,
1246,55022,2,
1247,10605,2,
1248,164592,2,
1249,368,2,
1250,629,2,
1251,92565,2,
1252,340595,2,
1253,64114,2,
1254,121227,2,
1255,55711,2,
1256,8809,2,
1257,4711,2,
1258,23030,2,1.0
1259,6638,2,
1260,8881,2,1.0
1261,23043,2,
1262,387496,2,
1263,6651,2,
1264,284058,2,1.0
1265,197021,2,
1266,2139,2,
1267,6550,2,
1268,147837,2,
1269,55734,2,
1270,5764,2,
1271,55843,2,1.0
1272,11197,2,1.0
1273,27181,2,
1274,27189,2,
1275,55622,2,
1276,63922,2,
1277,8633,2,1.0
1278,84460,2,1.0
1279,80346,2,
1280,6595,2,1.0
1281,63978,2,
1282,2909,2,1.0
1283,477,2,
1284,55571,2,
1285,55763,2,
1286,22990,2,
1287,4543,2,1.0
1288,55749,2,1.0
1289,117196,2,1.0
1290,63946,2,1.0
1291,338645,2,1.0
1292,399814,2,
1293,51652,2,1.0
1294,80231,2,1.0
1295,23476,2,
1296,1232,2,
1297,5047,2,1.0
1298,5095,2,
1299,3020,2,1.0
1300,390083,2,
1301,80834,2,1.0
1302,2153,2,
1303,54207,2,1.0
1304,92285,2,
1305,55339,2,1.0
1306,51329,2,1.0
1307,11176,2,
1308,84900,2,1.0
1309,23446,2,
1310,168090,2,1.0
1311,909,2,
1312,10813,2,
1313,23091,2,
1314,51361,2,1.0
1315,10040,2,1.0
1316,81928,2,
1317,390275,2,
1318,1149,2,
1319,83985,2,
1320,12,2,
1321,84288,2,
1322,23269,2,
1323,85012,2,
1324,11336,2,
1325,100131897,2,
1326,8228,2,1.0
1327,5159,2,1.0
1328,646174,2,
1329,40,2,
1330,6299,2,
1331,2217,2,
1332,8532,2,
1333,344805,2,
1334,781,2,
1335,92421,2,
1336,119559,2,
1337,127254,2,
1338,135935,2,
1339,131368,2,
1340,84708,2,1.0
1341,127062,2,
1342,328,2,
1343,8509,2,
1344,84692,2,
1345,8913,2,
1346,6854,2,1.0
1347,285368,2,
1348,11024,2,
1349,727830,2,
1350,4282,2,
1351,219958,2,
1352,114880,2,
1353,2916,2,
1354,57619,2,
1355,23390,2,
1356,54103,2,1.0
1357,150356,2,1.0
1358,2868,2,
1359,6403,2,1.0
1360,57580,2,1.0
1361,283431,2,
1362,22870,2,1.0
1363,2044,2,
1364,8985,2,
1365,57596,2,
1366,57657,2,
1367,10544,2,
1368,27197,2,
1369,1788,2,1.0
1370,1836,2,
1371,89887,2,
1372,23671,2,
1373,1820,2,1.0
1374,56243,2,
1375,3861,2,
1376,390078,2,
1377,55094,2,
1378,375775,2,1.0
1379,200959,2,
1380,147945,2,1.0
1381,254956,2,
1382,4283,2,
1383,118461,2,
1384,7075,2,
1385,23451,2,
1386,115704,2,
1387,5998,2,1.0
1388,9076,2,
1389,10144,2,
1390,9640,2,
1391,84865,2,
1392,50512,2,
1393,8570,2,
1394,1952,2,1.0
1395,64407,2,
1396,79722,2,
1397,7051,2,
1398,10072,2,
1399,64399,2,
1400,51012,2,1.0
1401,55102,2,
1402,1174,2,
1403,9855,2,
1404,340542,2,
1405,1160,2,
1406,60509,2,
1407,91664,2,
1408,5646,2,1.0
1409,3185,2,
1410,54790,2,
1411,136306,2,
1412,1524,2,
1413,60493,2,
1414,347273,2,
1415,259230,2,
1416,85477,2,
1417,29894,2,1.0
1418,5598,2,1.0
1419,93649,2,
1420,6821,2,1.0
1421,5678,2,1.0
1422,3065,2,
1423,11317,2,
1424,56999,2,
1425,5798,2,
1426,3749,2,
1427,170370,2,
1428,132112,2,
1429,131,2,
1430,3717,2,
1431,54854,2,1.0
1432,161394,2,
1433,5742,2,
1434,7227,2,
1435,116983,2,1.0
1436,91752,2,1.0
1437,1612,2,
1438,4013,2,
1439,10160,2,1.0
1440,79794,2,
1441,57537,2,1.0
1442,7042,2,
1443,57561,2,
1444,80115,2,
1445,4778,2,1.0
1446,57545,2,
1447,114885,2,
1448,8876,2,
1449,10472,2,
1450,27309,2,
1451,645811,2,
1452,150209,2,
1453,23243,2,1.0
1454,8916,2,
1455,744,2,
1456,8852,2,
1457,64127,2,
1458,7027,2,
1459,27237,2,1.0
1460,55582,2,1.0
1461,285,2,
1462,22806,2,1.0
1463,8772,2,1.0
1464,2780,2,1.0
1465,23131,2,
1466,22989,2,
1467,55534,2,
1468,6406,2,
1469,116988,2,1.0
1470,80122,2,
1471,80114,2,
1472,643311,2,
1473,10869,2,
1474,165,2,
1475,80034,2,
1476,4255,2,
1477,23363,2,
1478,9020,2,1.0
1479,8241,2,
1480,8233,2,
1481,391194,2,
1482,143379,2,
1483,64319,2,
1484,253943,2,
1485,4842,2,
1486,2036,2,1.0
1487,54106,2,
1488,9060,2,
1489,4037,2,
1490,146279,2,
1491,79605,2,1.0
1492,55350,2,
1493,51268,2,1.0
1494,10320,2,
1495,127059,2,
1496,157313,2,1.0
1497,53343,2,
1498,57449,2,
1499,6536,2,1.0
1500,129831,2,
1501,128367,2,1.0
1502,348938,2,
1503,125,2,
1504,10368,2,
1505,6907,2,
1506,51343,2,1.0
1507,6891,2,
1508,84124,2,
1509,2232,2,1.0
1510,79861,2,
1511,26086,2,
1512,3859,2,
1513,204851,2,
1514,10427,2,
1515,442117,2,
1516,401145,2,
1517,10926,2,
1518,200424,2,
1519,401138,2,
1520,1762,2,
1521,91862,2,
1522,4124,2,
1523,3787,2,1.0
1524,5832,2,1.0
1525,89858,2,
1526,1730,2,
1527,9918,2,
1528,79628,2,
1529,1826,2,
1530,147700,2,
1531,55088,2,
1532,85329,2,
1533,9909,2,
1534,10086,2,
1535,442038,2,
1536,5976,2,
1537,3776,2,
1538,94031,2,1.0
1539,10062,2,
1540,10054,2,
1541,284355,2,
1542,286410,2,
1543,3899,2,
1544,83637,2,
1545,79567,2,
1546,1842,2,
1547,9910,2,
1548,3755,2,
1549,56985,2,
1550,9862,2,
1551,112487,2,1.0
1552,441869,2,
1553,9734,2,
1554,1538,2,
1555,9726,2,1.0
1556,9718,2,
1557,6011,2,
1558,140766,2,1.0
1559,3547,2,
1560,85459,2,
1561,26054,2,
1562,64965,2,1.0
1563,81341,2,
1564,26038,2,
1565,10117,2,
1566,112479,2,
1567,374308,2,
1568,79695,2,
1569,1825,2,
1570,130,2,
1571,1634,2,
1572,54880,2,
1573,3872,2,1.0
1574,3675,2,
1575,54872,2,
1576,79444,2,
1577,9774,2,
1578,1610,2,
1579,253738,2,
1580,1602,2,
1581,149297,2,
1582,1849,2,
1583,221002,2,1.0
1584,3963,2,
1585,196477,2,1.0
1586,339855,2,1.0
1587,57479,2,
1588,55576,2,
1589,29991,2,1.0
1590,2314,2,
1591,8455,2,
1592,9693,2,
1593,10454,2,
1594,26521,2,1.0
1595,4855,2,
1596,55605,2,
1597,56834,2,
1598,7690,2,
1599,56850,2,
1600,80036,2,
1601,5651,2,1.0
1602,80020,2,1.0
1603,84250,2,
1604,50617,2,
1605,3480,2,
1606,115019,2,1.0
1607,57719,2,1.0
1608,124245,2,
1609,3416,2,
1610,5499,2,1.0
1611,8535,2,1.0
1612,8527,2,1.0
1613,123207,2,
1614,26005,2,
1615,284992,2,
1616,8503,2,1.0
1617,22832,2,
1618,25989,2,
1619,51085,2,
1620,1417,2,
1621,340069,2,1.0
1622,30844,2,
1623,55184,2,
1624,149041,2,
1625,79868,2,
1626,54487,2,
1627,284656,2,1.0
1628,26269,2,
1629,57130,2,
1630,92126,2,1.0
1631,79836,2,
1632,56994,2,1.0
1633,83890,2,
1634,55216,2,1.0
1635,5795,2,
1636,3752,2,
1637,5803,2,
1638,1938,2,1.0
1639,89778,2,
1640,56986,2,
1641,51199,2,1.0
1642,253959,2,1.0
1643,3696,2,1.0
1644,127077,2,
1645,1601,2,1.0
1646,4193,2,
1647,26189,2,
1648,389197,2,
1649,90167,2,
1650,10270,2,
1651,3728,2,
1652,100499483,2,
1653,2074,2,
1654,387763,2,
1655,19,2,
1656,83593,2,1.0
1657,4113,2,1.0
1658,140710,2,
1659,346389,2,
1660,146845,2,
1661,55929,2,
1662,84699,2,
1663,57574,2,1.0
1664,51291,2,
1665,51435,2,
1666,4800,2,
1667,8886,2,
1668,160428,2,
1669,10479,2,
1670,84643,2,
1671,51451,2,
1672,55553,2,
1673,2307,2,
1674,4360,2,1.0
1675,80157,2,
1676,6449,2,1.0
1677,57558,2,
1678,219873,2,
1679,10439,2,
1680,84795,2,
1681,4976,2,
1682,2915,2,
1683,4952,2,
1684,6297,2,
1685,84131,2,
1686,64645,2,
1687,8366,2,1.0
1688,115426,2,
1689,133923,2,
1690,138009,2,
1691,92335,2,
1692,9742,2,
1693,23013,2,
1694,57542,2,
1695,8518,2,
1696,80213,2,
1697,80005,2,
1698,22904,2,
1699,2555,2,
1700,131578,2,
1701,23033,2,
1702,10743,2,
1703,6561,2,
1704,373156,2,
1705,2539,2,
1706,8476,2,
1707,6569,2,
1708,2515,2,
1709,66002,2,
1710,168400,2,
1711,80333,2,
1712,8622,2,
1713,8646,2,
1714,64005,2,
1715,23049,2,
1716,63893,2,
1717,586,2,1.0
1718,9381,2,1.0
1719,148066,2,
1720,121441,2,
1721,344658,2,
1722,6505,2,
1723,51093,2,1.0
1724,23113,2,
1725,27303,2,
1726,57710,2,
1727,246330,2,
1728,6713,2,
1729,7472,2,
1730,55841,2,1.0
1731,4640,2,
1732,57478,2,
1733,4216,2,
1734,8074,2,1.0
1735,81037,2,1.0
1736,1306,2,1.0
1737,10133,2,
1738,51105,2,
1739,122786,2,
1740,90649,2,1.0
1741,1961,2,
1742,79807,2,
1743,9865,2,1.0
1744,1993,2,
1745,1258,2,1.0
1746,165082,2,
1747,9414,2,1.0
1748,345274,2,
1749,6091,2,
1750,1186,2,1.0
1751,125950,2,
1752,1314,2,
1753,3371,2,
1754,50506,2,
1755,339327,2,1.0
1756,338761,2,1.0
1757,343413,2,1.0
1758,9973,2,
1759,1378,2,
1760,51112,2,
1761,85315,2,
1762,25902,2,1.0
1763,392509,2,1.0
1764,10125,2,
1765,30012,2,
1766,7473,2,
1767,5424,2,1.0
1768,83857,2,1.0
1769,58510,2,1.0
1770,7297,2,1.0
1771,84083,2,
1772,10,2,
1773,23545,2,1.0
1774,7153,2,
1775,2115,2,
1776,254950,2,1.0
1777,85025,2,
1778,170961,2,1.0
1779,5818,2,
1780,9063,2,
1781,7097,2,
1782,84067,2,
1783,4200,2,
1784,657,2,
1785,342125,2,1.0
1786,347051,2,1.0
1787,4208,2,1.0
1788,7001,2,1.0
1789,4168,2,1.0
1790,7169,2,
1791,54328,2,
1792,4112,2,
1793,4128,2,1.0
1794,10763,2,1.0
1795,253017,2,1.0
1796,100128496,2,
1797,23022,2,
1798,134187,2,1.0
1799,3075,2,
1800,3099,2,
1801,11211,2,
1802,2099,2,
1803,7177,2,
1804,79925,2,1.0
1805,441250,2,
1806,56658,2,1.0
1807,55672,2,1.0
1808,25925,2,
1809,545,2,
1810,26263,2,
1811,3730,2,1.0
1812,170482,2,
1813,91775,2,
1814,440822,2,1.0
1815,9839,2,
1816,1627,2,
1817,56920,2,
1818,27132,2,
1819,168451,2,
1820,161357,2,1.0
1821,65084,2,1.0
1822,115209,2,1.0
1823,54825,2,
1824,4619,2,1.0
1825,3738,2,1.0
1826,126638,2,1.0
1827,1723,2,
1828,84440,2,1.0
1829,339766,2,1.0
1830,3882,2,1.0
1831,51347,2,
1832,117,2,1.0
1833,9625,2,
1834,284433,2,1.0
1835,23002,2,
1836,89792,2,1.0
1837,55870,2,1.0
1838,168667,2,
1839,55778,2,
1840,81620,2,
1841,3786,2,
1842,3778,2,1.0
1843,1555,2,
1844,140807,2,
1845,63950,2,
1846,145226,2,
1847,4739,2,
1848,171392,2,1.0
1849,649,2,1.0
1850,6794,2,
1851,60686,2,
1852,64780,2,
1853,2712,2,
1854,10908,2,
1855,54521,2,1.0
1856,29941,2,1.0
1857,23020,2,
1858,3306,2,
1859,2736,2,
1860,25831,2,
1861,170690,2,
1862,64102,2,
1863,347442,2,
1864,284403,2,
1865,26047,2,
1866,7150,2,
1867,65012,2,
1868,23082,2,
1869,9711,2,1.0
1870,5780,2,
1871,200162,2,1.0
1872,9631,2,
1873,25943,2,
1874,1435,2,
1875,577,2,
1876,2632,2,
1877,100132247,2,1.0
1878,160335,2,
1879,119395,2,1.0
1880,55762,2,1.0
1881,10047,2,
1882,23768,2,
1883,4126,2,
1884,57613,2,
1885,273,2,
1886,4214,2,
1887,440435,2,
1888,28983,2,
1889,108,2,1.0
1890,51520,2,
1891,127066,2,
1892,284759,2,1.0
1893,10564,2,
1894,55852,2,1.0
1895,170063,2,
1896,2125,2,
1897,55359,2,
1898,140831,2,
1899,84125,2,
1900,8445,2,
1901,6303,2,
1902,139425,2,
1903,57584,2,
1904,10457,2,
1905,83786,2,
1906,96459,2,
1907,57544,2,
1908,6335,2,
1909,80059,2,
1910,2288,2,1.0
1911,2248,2,1.0
1912,57538,2,1.0
1913,10460,2,
1914,57520,2,
1915,350383,2,1.0
1916,643246,2,
1917,79915,2,
1918,391195,2,
1919,3914,2,
1920,84320,2,
1921,55193,2,
1922,22938,2,
1923,1939,2,
1924,23178,2,
1925,57224,2,
1926,80310,2,
1927,6585,2,
1928,63934,2,
1929,284521,2,
1930,29119,2,
1931,57192,2,
1932,128869,2,
1933,3930,2,1.0
1934,65985,2,
1935,9369,2,
1936,6546,2,
1937,55201,2,
1938,55690,2,1.0
1939,253769,2,1.0
1940,284695,2,
1941,10257,2,
1942,4110,2,
1943,222223,2,
1944,8192,2,
1945,92591,2,
1946,8549,2,
1947,23216,2,
1948,59335,2,
1949,159686,2,
1950,4018,2,
1951,51115,2,1.0
1952,256380,2,1.0
1953,22914,2,
1954,27332,2,1.0
1955,91351,2,1.0
1956,7490,2,1.0
1957,23112,2,
1958,8831,2,1.0
1959,158326,2,1.0
1960,342931,2,1.0
1961,23152,2,1.0
1962,22848,2,1.0
1963,139065,2,
1964,4705,2,
1965,3200,2,
1966,84570,2,
1967,201305,2,
1968,8525,2,
1969,5267,2,1.0
1970,81669,2,
1971,53841,2,
1972,23120,2,
1973,6792,2,
1974,345193,2,
1975,347240,2,
1976,3120,2,
1977,129804,2,
1978,136227,2,
1979,727800,2,
1980,2651,2,
1981,57687,2,1.0
1982,23272,2,
1983,84706,2,
1984,64180,2,
1985,60468,2,
1986,166968,2,
1987,23248,2,
1988,8911,2,
1989,84674,2,
1990,54467,2,
1991,148641,2,
1992,2626,2,1.0
1993,5139,2,1.0
1994,4673,2,
1995,10718,2,
1996,147923,2,1.0
1997,5411,2,1.0
1998,158158,2,
1999,22984,2,
2000,149954,2,1.0
2001,25893,2,
2002,26509,2,
2003,8639,2,
2004,6584,2,
2005,390439,2,1.0
2006,93492,2,1.0
2007,117154,2,
2008,9533,2,
2009,256949,2,1.0
2010,390431,2,
2011,168417,2,
2012,23024,2,1.0
2013,23072,2,
2014,23762,2,
2015,113878,2,1.0
2016,259287,2,1.0
2017,7402,2,
2018,3312,2,1.0
2019,84514,2,1.0
2020,25861,2,
2021,4593,2,
2022,10758,2,
2023,2562,2,
2024,54539,2,
2025,7442,2,
2026,342618,2,1.0
2027,84466,2,
2028,1356,2,1.0
2029,390151,2,
2030,1235,2,
2031,11254,2,
2032,11044,2,
2033,8997,2,1.0
2034,55809,2,
2035,2888,2,1.0
2036,7224,2,1.0
2037,23370,2,
2038,2904,2,1.0
2039,58492,2,
2040,3106,2,
2041,7200,2,1.0
2042,23394,2,
2043,3082,2,
2044,440854,2,1.0
2045,9223,2,
2046,11116,2,1.0
2047,4883,2,1.0
2048,23648,2,1.0
2049,199786,2,1.0
2050,2900,2,1.0
2051,23250,2,
2052,25799,2,1.0
2053,10198,2,
2054,643803,2,1.0
2055,1195,2,
2056,5289,2,1.0
2057,6906,2,
2058,146540,2,1.0
2059,4867,2,
2060,9351,2,
2061,6510,2,
2062,1155,2,
2063,146556,2,1.0
2064,448834,2,
2065,23544,2,1.0
2066,5105,2,1.0
2067,152579,2,1.0
2068,1003,2,
2069,9119,2,
2070,79811,2,1.0
2071,23400,2,1.0
2072,26280,2,1.0
2073,23384,2,1.0
2074,9047,2,1.0
2075,80724,2,
2076,23368,2,
2077,11180,2,1.0
2078,11196,2,1.0
2079,3008,2,
2080,7122,2,
2081,5091,2,
2082,60412,2,
2083,146212,2,
2084,11174,2,
2085,23464,2,
2086,2986,2,
2087,353149,2,
2088,23418,2,
2089,2806,2,
2090,84962,2,
2091,56288,2,
2092,80852,2,
2093,23504,2,
2094,23426,2,
2095,913,2,
2096,113612,2,
2097,7112,2,
2098,11140,2,
2099,55627,2,1.0
2100,7050,2,
2101,138474,2,
2102,2047,2,
2103,2049,2,
2104,474343,2,
2105,727957,2,
2106,91050,2,
2107,5036,2,
2108,23469,2,
2109,93107,2,
2110,5068,2,
2111,160728,2,
2112,326625,2,
2113,9194,2,
2114,5100,2,1.0
2115,56301,2,1.0
2116,1014,2,1.0
2117,160760,2,
2118,3985,2,
2119,5156,2,1.0
2120,158763,2,
2121,23613,2,1.0
2122,9282,2,
2123,5196,2,
2124,7133,2,
2125,5244,2,1.0
2126,11227,2,
2127,11163,2,
2128,7045,2,1.0
2129,1158,2,
2130,256130,2,
2131,11260,2,1.0
2132,670,2,
2133,23213,2,
2134,344758,2,
2135,7048,2,
2136,23237,2,
2137,90850,2,
2138,23277,2,1.0
2139,2799,2,1.0
2140,2815,2,
2141,146177,2,
2142,23309,2,
2143,23317,2,
2144,6949,2,
2145,27443,2,
2146,822,2,
2147,846,2,
2148,2895,2,
2149,56165,2,
2150,64377,2,1.0
2151,11131,2,
2152,7301,2,
2153,116154,2,1.0
2154,5727,2,
2155,392617,2,
2156,85439,2,
2157,9666,2,1.0
2158,1478,2,
2159,5588,2,
2160,390616,2,
2161,9698,2,
2162,152789,2,1.0
2163,5652,2,
2164,26146,2,
2165,4100,2,1.0
2166,79400,2,
2167,9794,2,
2168,28227,2,
2169,24141,2,1.0
2170,3687,2,
2171,6663,2,
2172,81545,2,
2173,54932,2,
2174,55738,2,
2175,3751,2,
2176,9898,2,
2177,26034,2,
2178,341416,2,
2179,136332,2,
2180,140690,2,1.0
2181,9378,2,1.0
2182,126123,2,
2183,144568,2,
2184,158931,2,
2185,5340,2,
2186,3295,2,
2187,115950,2,
2188,163081,2,1.0
2189,3359,2,
2190,7469,2,
2191,30000,2,1.0
2192,54754,2,
2193,400709,2,1.0
2194,79176,2,1.0
2195,2067,2,1.0
2196,25930,2,1.0
2197,5452,2,
2198,128360,2,
2199,25970,2,1.0
2200,345462,2,1.0
2201,148870,2,1.0
2202,23189,2,
2203,10891,2,
2204,23157,2,
2205,128859,2,1.0
2206,55183,2,
2207,10129,2,
2208,94120,2,
2209,4012,2,
2210,339896,2,
2211,81850,2,
2212,391107,2,
2213,4036,2,
2214,163786,2,1.0
2215,6095,2,
2216,4076,2,
2217,55287,2,1.0
2218,1981,2,
2219,8218,2,
2220,79905,2,1.0
2221,92211,2,
2222,79937,2,1.0
2223,2119,2,
2224,401498,2,
2225,22854,2,
2226,30817,2,
2227,81794,2,
2228,55119,2,
2229,51807,2,
2230,57158,2,
2231,1645,2,
2232,5743,2,1.0
2233,50805,2,
2234,55815,2,
2235,26249,2,
2236,9881,2,
2237,5791,2,
2238,5799,2,
2239,54959,2,1.0
2240,7862,2,
2241,57038,2,
2242,65250,2,1.0
2243,65258,2,
2244,3820,2,
2245,7918,2,1.0
2246,83733,2,
2247,10009,2,
2248,1821,2,1.0
2249,136991,2,
2250,1829,2,1.0
2251,196410,2,1.0
2252,114798,2,
2253,100505741,2,
2254,80017,2,
2255,204962,2,
2256,63897,2,
2257,55717,2,1.0
2258,8618,2,1.0
2259,6581,2,
2260,23644,2,
2261,8650,2,
2262,2800,2,1.0
2263,10723,2,1.0
2264,4588,2,1.0
2265,4620,2,
2266,54514,2,
2267,503582,2,
2268,8754,2,
2269,199223,2,
2270,53820,2,
2271,2623,2,
2272,6725,2,
2273,401994,2,1.0
2274,590,2,
2275,598,2,
2276,5689,2,
2277,55701,2,
2278,29072,2,
2279,51575,2,
2280,28952,2,
2281,174,2,
2282,84167,2,
2283,84132,2,
2284,57578,2,
2285,51447,2,
2286,375033,2,
2287,80129,2,
2288,401666,2,1.0
2289,10499,2,
2290,2335,2,1.0
2291,5606,2,
2292,219429,2,
2293,28968,2,
2294,6453,2,
2295,10555,2,
2296,55613,2,1.0
2297,260425,2,
2298,10579,2,
2299,4436,2,1.0
2300,80233,2,
2301,3759,2,
2302,1718,2,
2303,89797,2,1.0
2304,29984,2,
2305,5303,2,
2306,54509,2,1.0
2307,25851,2,1.0
2308,8564,2,
2309,60682,2,
2310,64784,2,
2311,25875,2,
2312,59277,2,1.0
2313,7508,2,1.0
2314,7025,2,1.0
2315,126298,2,
2316,136541,2,
2317,85358,2,1.0
2318,85366,2,1.0
2319,222611,2,
2320,54677,2,
2321,220972,2,1.0
2322,26051,2,1.0
2323,64783,2,
2324,65986,2,1.0
2325,441864,2,
2326,25827,2,1.0
2327,257218,2,1.0
2328,2902,2,
2329,5925,2,
2330,7052,2,1.0
2331,23439,2,1.0
2332,2982,2,1.0
2333,7092,2,
2334,55345,2,1.0
2335,326624,2,1.0
2336,11234,2,
2337,3054,2,
2338,1007,2,
2339,5141,2,
2340,11322,2,
2341,170692,2,
2342,60482,2,
2343,353355,2,
2344,65999,2,
2345,346689,2,
2346,158866,2,1.0
2347,150678,2,
2348,163589,2,
2349,79009,2,
2350,390321,2,
2351,1551,2,
2352,55558,2,
2353,128553,2,
2354,81472,2,
2355,55125,2,
2356,8028,2,1.0
2357,10083,2,1.0
2358,5989,2,1.0
2359,26289,2,1.0
2360,284541,2,
2361,440193,2,
2362,26507,2,
2363,3982,2,
2364,83879,2,
2365,10163,2,
2366,55229,2,
2367,83903,2,
2368,4038,2,
2369,84106,2,
2370,6093,2,
2371,4054,2,
2372,10203,2,
2373,2015,2,
2374,79841,2,
2375,3841,2,
2376,1871,2,
2377,3918,2,
2378,57156,2,
2379,9947,2,
2380,5701,2,
2381,9819,2,
2382,7772,2,
2383,140894,2,
2384,3742,2,
2385,3750,2,
2386,1735,2,
2387,151246,2,
2388,79577,2,
2389,9955,2,
2390,1855,2,
2391,401124,2,
2392,7916,2,
2393,57084,2,
2394,93986,2,
2395,57124,2,
2396,374569,2,
2397,91947,2,
2398,100507436,2,
2399,10043,2,
2400,11138,2,
2401,287015,2,
2402,5884,2,
2403,120892,2,
2404,71,2,
2405,374864,2,
2406,87,2,
2407,114783,2,
2408,8291,2,
2409,51310,2,
2410,111,2,
2411,119,2,
2412,57467,2,
2413,51350,2,
2414,377007,2,
2415,10418,2,
2416,200909,2,
2417,57555,2,
2418,56666,2,
2419,2262,2,
2420,4317,2,
2421,51422,2,
2422,1755,2,
2423,6934,2,
2424,440560,2,
2425,23081,2,
2426,23,2,
2427,4917,2,
2428,4117,2,
2429,1806,2,
2430,126755,2,
2431,3887,2,
2432,100130613,2,
2433,116534,2,
2434,8021,2,
2435,8045,2,
2436,55814,2,
2437,221061,2,
2438,114569,2,
2439,133022,2,
2440,1958,2,
2441,83894,2,
2442,92935,2,
2443,10170,2,
2444,2006,2,
2445,8165,2,
2446,4071,2,
2447,8189,2,
2448,2046,2,
2449,10250,2,
2450,26011,2,
2451,8459,2,
2452,51478,2,
2453,2334,2,
2454,27130,2,
2455,6660,2,
2456,80201,2,
2457,27154,2,
2458,535,2,
2459,285220,2,
2460,2622,2,
2461,7011,2,
2462,4741,2,
2463,84630,2,
2464,6820,2,
2465,4781,2,
2466,84662,2,
2467,340665,2,
2468,84678,2,
2469,23284,2,
2470,11018,2,
2471,80133,2,
2472,4885,2,
2473,11034,2,
2474,84766,2,
2475,23275,2,
2476,487,2,
2477,55040,2,
2478,22900,2,
2479,8483,2,
2480,80184,2,
2481,8507,2,
2482,8515,2,
2483,22852,2,1.0
2484,80216,2,
2485,282973,2,
2486,84318,2,
2487,10594,2,
2488,55676,2,
2489,80336,2,
2490,57731,2,
2491,10642,2,1.0
2492,90523,2,
2493,117166,2,
2494,133558,2,1.0
2495,57787,2,
2496,340578,2,
2497,6596,2,
2498,6604,2,
2499,3684,2,
2500,54884,2,
2501,56271,2,
2502,23162,2,
2503,7750,2,
2504,26153,2,
2505,54511,2,
2506,343450,2,
2507,64770,2,
2508,1621,2,
2509,54455,2,
2510,9665,2,
2511,23742,2,
2512,25833,2,
2513,64866,2,
2514,1181,2,
2515,5407,2,1.0
2516,400566,2,1.0
2517,26137,2,1.0
2518,9817,2,
2519,57551,2,
2520,9513,2,
2521,388336,2,1.0
2522,8334,2,
2523,56886,2,
2524,5311,2,
2525,25913,2,1.0
2526,152503,2,
2527,25769,2,
2528,285966,2,1.0
2529,5271,2,
2530,1589,2,
2531,155038,2,
2532,25945,2,1.0
2533,116085,2,1.0
2534,9958,2,
2535,1879,2,
2536,120103,2,
2537,401285,2,1.0
2538,347468,2,
2539,5711,2,1.0
2540,63976,1,
2541,54517,1,
2542,7538,1,
2543,5375,1,
2544,51678,1,
2545,645104,1,
2546,140545,1,
2547,7514,1,
2548,147948,1,1.0
2549,5467,1,1.0
2550,479,1,
2551,57827,1,
2552,1369,1,
2553,79183,1,
2554,55680,1,1.0
2555,27106,1,1.0
2556,56926,1,
2557,116113,1,1.0
2558,27098,1,1.0
2559,257019,1,1.0
2560,377677,1,1.0
2561,51654,1,
2562,284099,1,1.0
2563,85440,1,1.0
2564,79295,1,
2565,5563,1,1.0
2566,4943,1,
2567,26037,1,1.0
2568,284083,1,
2569,400818,1,
2570,113802,1,1.0
2571,9645,1,
2572,113263,1,
2573,1441,1,
2574,340441,1,
2575,26013,1,
2576,26998,1,
2577,55764,1,
2578,5523,1,
2579,122258,1,
2580,414189,1,1.0
2581,1362,1,
2582,10236,1,
2583,8603,1,
2584,653784,1,
2585,6446,1,1.0
2586,253314,1,
2587,26084,1,
2588,55788,1,1.0
2589,25885,1,
2590,728378,1,
2591,347344,1,1.0
2592,4629,1,
2593,195814,1,
2594,9445,1,
2595,25897,1,
2596,54499,1,
2597,56704,1,
2598,25849,1,
2599,869,1,
2600,23770,1,
2601,4645,1,
2602,92714,1,
2603,5331,1,
2604,6700,1,
2605,1233,1,
2606,29903,1,
2607,140706,1,
2608,64718,1,
2609,10802,1,
2610,25797,1,
2611,5315,1,
2612,23746,1,
2613,4661,1,
2614,388284,1,
2615,79031,1,1.0
2616,140469,1,
2617,136371,1,1.0
2618,654,1,
2619,5291,1,
2620,285231,1,
2621,6716,1,1.0
2622,121364,1,1.0
2623,79087,1,1.0
2624,140597,1,
2625,131583,1,1.0
2626,149998,1,1.0
2627,3376,1,1.0
2628,9517,1,
2629,90338,1,
2630,158800,1,
2631,51702,1,
2632,2908,1,1.0
2633,285180,1,
2634,8945,1,1.0
2635,11212,1,
2636,1305,1,
2637,6405,1,
2638,9493,1,1.0
2639,388372,1,
2640,90627,1,
2641,123745,1,
2642,1297,1,
2643,3344,1,
2644,29967,1,
2645,861,1,
2646,204801,1,
2647,1277,1,
2648,6668,1,
2649,4621,1,
2650,29951,1,
2651,9469,1,1.0
2652,126204,1,
2653,197135,1,
2654,3320,1,
2655,7410,1,
2656,441669,1,
2657,29113,1,
2658,5579,1,
2659,821,1,
2660,2299,1,1.0
2661,7430,1,1.0
2662,5465,1,1.0
2663,5819,1,
2664,84326,1,1.0
2665,359,1,
2666,120379,1,
2667,6508,1,
2668,51566,1,
2669,284339,1,
2670,367,1,1.0
2671,3760,1,
2672,57715,1,
2673,165545,1,
2674,7770,1,1.0
2675,9481,1,
2676,9772,1,
2677,441457,1,
2678,10618,1,
2679,28316,1,
2680,165257,1,
2681,3736,1,
2682,343702,1,
2683,9877,1,
2684,148741,1,
2685,391003,1,
2686,9869,1,
2687,9821,1,
2688,56970,1,
2689,4919,1,1.0
2690,54535,1,
2691,7137,1,
2692,146894,1,1.0
2693,124912,1,1.0
2694,79623,1,
2695,163590,1,
2696,6942,1,1.0
2697,1793,1,1.0
2698,3840,1,
2699,54020,1,
2700,5883,1,
2701,1785,1,
2702,3832,1,
2703,91603,1,1.0
2704,23102,1,
2705,54482,1,
2706,143689,1,
2707,149233,1,
2708,9965,1,
2709,22876,1,
2710,6538,1,
2711,80208,1,
2712,10578,1,1.0
2713,79591,1,
2714,9957,1,
2715,5859,1,
2716,79583,1,
2717,9949,1,
2718,3800,1,
2719,4437,1,
2720,284371,1,
2721,23334,1,
2722,1745,1,
2723,10586,1,
2724,9861,1,
2725,54915,1,
2726,55684,1,
2727,9733,1,
2728,54827,1,
2729,347688,1,1.0
2730,9765,1,
2731,246175,1,
2732,340385,1,
2733,10658,1,1.0
2734,9749,1,1.0
2735,146857,1,
2736,6572,1,1.0
2737,151056,1,1.0
2738,728276,1,
2739,440097,1,
2740,91661,1,
2741,54795,1,1.0
2742,202243,1,
2743,1585,1,1.0
2744,7161,1,
2745,9725,1,
2746,5627,1,1.0
2747,9701,1,
2748,64211,1,
2749,23358,1,
2750,439,1,
2751,118426,1,
2752,152137,1,
2753,83417,1,
2754,2494,1,
2755,5587,1,
2756,84812,1,
2757,83938,1,
2758,26033,1,
2759,51614,1,
2760,6556,1,
2761,9781,1,
2762,219479,1,
2763,1657,1,
2764,114294,1,
2765,5747,1,
2766,56946,1,
2767,116337,1,
2768,90507,1,
2769,54891,1,
2770,7786,1,
2771,1641,1,
2772,55854,1,
2773,3680,1,
2774,386653,1,1.0
2775,54875,1,
2776,399,1,1.0
2777,79447,1,
2778,11064,1,1.0
2779,9813,1,
2780,54867,1,1.0
2781,3664,1,
2782,2205,1,1.0
2783,24138,1,1.0
2784,3656,1,1.0
2785,60494,1,
2786,8480,1,
2787,171586,1,
2788,90249,1,
2789,54843,1,
2790,7738,1,
2791,23398,1,
2792,6732,1,
2793,53637,1,
2794,81559,1,
2795,84720,1,
2796,340745,1,
2797,85007,1,
2798,761,1,
2799,775,1,1.0
2800,11004,1,1.0
2801,2822,1,1.0
2802,2956,1,1.0
2803,11012,1,1.0
2804,219957,1,
2805,4327,1,1.0
2806,10615,1,1.0
2807,619279,1,
2808,2832,1,
2809,4843,1,
2810,7046,1,1.0
2811,745,1,
2812,10980,1,
2813,4835,1,1.0
2814,23308,1,
2815,2784,1,1.0
2816,8925,1,
2817,387804,1,1.0
2818,729993,1,
2819,6874,1,
2820,729,1,
2821,2776,1,
2822,51281,1,1.0
2823,23316,1,
2824,84688,1,
2825,27340,1,
2826,785,1,
2827,11010,1,1.0
2828,146198,1,1.0
2829,57639,1,
2830,11108,1,
2831,90835,1,
2832,23411,1,1.0
2833,150368,1,
2834,55103,1,1.0
2835,2774,1,
2836,144097,1,
2837,80726,1,1.0
2838,117584,1,
2839,10154,1,
2840,90957,1,
2841,92906,1,
2842,23276,1,1.0
2843,283373,1,1.0
2844,64318,1,
2845,83746,1,
2846,23354,1,
2847,254773,1,
2848,11060,1,
2849,4915,1,
2850,2864,1,
2851,11052,1,
2852,4907,1,
2853,64240,1,
2854,284004,1,
2855,23191,1,
2856,131873,1,
2857,113,1,1.0
2858,339541,1,
2859,23322,1,1.0
2860,4811,1,
2861,402117,1,1.0
2862,117608,1,1.0
2863,23138,1,1.0
2864,8789,1,1.0
2865,219738,1,1.0
2866,10844,1,
2867,8797,1,1.0
2868,113246,1,1.0
2869,64344,1,
2870,8357,1,
2871,23324,1,
2872,8805,1,
2873,23380,1,
2874,2664,1,
2875,27244,1,1.0
2876,401535,1,1.0
2877,23527,1,
2878,283219,1,
2879,4957,1,
2880,84830,1,
2881,64078,1,
2882,80736,1,1.0
2883,23396,1,
2884,585,1,
2885,9578,1,
2886,57701,1,
2887,56172,1,
2888,23098,1,1.0
2889,133688,1,1.0
2890,221749,1,
2891,4659,1,1.0
2892,55858,1,1.0
2893,51760,1,
2894,340527,1,1.0
2895,23154,1,1.0
2896,8821,1,1.0
2897,26245,1,1.0
2898,84215,1,1.0
2899,4893,1,
2900,8893,1,1.0
2901,10940,1,1.0
2902,53947,1,1.0
2903,727738,1,
2904,7054,1,1.0
2905,799,1,1.0
2906,83871,1,
2907,389799,1,1.0
2908,50511,1,1.0
2909,338596,1,1.0
2910,4771,1,
2911,673,1,1.0
2912,84640,1,
2913,8861,1,
2914,219770,1,1.0
2915,23332,1,1.0
2916,89953,1,1.0
2917,2862,1,1.0
2918,115353,1,
2919,54503,1,1.0
2920,148113,1,
2921,11066,1,
2922,6356,1,
2923,4747,1,
2924,441234,1,
2925,441168,1,1.0
2926,2696,1,
2927,10884,1,
2928,8748,1,
2929,113510,1,
2930,27346,1,
2931,58525,1,
2932,91181,1,
2933,89122,1,
2934,84614,1,1.0
2935,9253,1,
2936,56300,1,
2937,199720,1,
2938,257068,1,
2939,152189,1,1.0
2940,8859,1,
2941,27258,1,
2942,100129842,1,
2943,2670,1,
2944,6764,1,
2945,27242,1,
2946,148545,1,
2947,197358,1,
2948,148103,1,
2949,390167,1,
2950,23180,1,
2951,6833,1,
2952,729747,1,
2953,7186,1,
2954,2138,1,
2955,9229,1,
2956,283659,1,1.0
2957,26287,1,
2958,167153,1,
2959,286046,1,
2960,23244,1,
2961,158724,1,
2962,4589,1,
2963,7170,1,
2964,5187,1,
2965,2662,1,
2966,6756,1,
2967,255101,1,
2968,404636,1,
2969,10818,1,1.0
2970,58517,1,
2971,254531,1,
2972,7314,1,1.0
2973,78991,1,
2974,9997,1,
2975,7306,1,1.0
2976,1161,1,1.0
2977,85236,1,
2978,9349,1,
2979,5251,1,1.0
2980,2638,1,
2981,118663,1,
2982,55892,1,1.0
2983,11340,1,1.0
2984,400506,1,
2985,199800,1,
2986,83690,1,1.0
2987,126068,1,
2988,146542,1,
2989,599,1,
2990,127933,1,
2991,51193,1,
2992,9317,1,
2993,23650,1,
2994,64096,1,
2995,64598,1,
2996,29775,1,
2997,5055,1,
2998,91133,1,
2999,401190,1,
3000,22996,1,1.0
3001,695,1,
3002,49855,1,
3003,51710,1,
3004,2976,1,
3005,929,1,
3006,3308,1,
3007,5027,1,
3008,64422,1,1.0
3009,29911,1,
3010,84904,1,
3011,7082,1,
3012,23220,1,
3013,7090,1,
3014,11188,1,1.0
3015,9141,1,
3016,84888,1,
3017,205717,1,
3018,349075,1,
3019,27330,1,
3020,8899,1,1.0
3021,64398,1,
3022,259307,1,
3023,375686,1,
3024,256714,1,1.0
3025,90827,1,
3026,6860,1,
3027,4987,1,
3028,22889,1,
3029,889,1,1.0
3030,64374,1,1.0
3031,9077,1,
3032,719,1,1.0
3033,84920,1,1.0
3034,687,1,
3035,9149,1,
3036,57563,1,
3037,246777,1,
3038,84984,1,1.0
3039,11252,1,
3040,283635,1,
3041,377841,1,
3042,84976,1,
3043,375790,1,
3044,6812,1,
3045,23530,1,
3046,1001,1,
3047,11236,1,
3048,6795,1,
3049,7138,1,
3050,9507,1,
3051,9181,1,
3052,80830,1,
3053,119385,1,1.0
3054,23514,1,1.0
3055,84952,1,
3056,9173,1,
3057,5325,1,
3058,8867,1,
3059,90993,1,
3060,286097,1,
3061,346653,1,1.0
3062,170954,1,
3063,84936,1,
3064,150297,1,1.0
3065,2734,1,1.0
3066,390079,1,1.0
3067,3848,1,
3068,57122,1,
3069,64778,1,1.0
3070,51150,1,1.0
3071,23129,1,
3072,602,1,
3073,147694,1,
3074,10847,1,1.0
3075,168544,1,1.0
3076,147409,1,
3077,51384,1,1.0
3078,319,1,
3079,10186,1,
3080,114625,1,1.0
3081,51134,1,1.0
3082,10863,1,1.0
3083,283248,1,
3084,6769,1,1.0
3085,26128,1,
3086,26578,1,
3087,53832,1,
3088,643664,1,
3089,55252,1,
3090,2558,1,
3091,79832,1,
3092,4680,1,
3093,2627,1,
3094,376940,1,
3095,120796,1,
3096,4720,1,1.0
3097,10807,1,1.0
3098,127540,1,
3099,27183,1,1.0
3100,636,1,
3101,257,1,1.0
3102,6760,1,
3103,27255,1,
3104,84190,1,
3105,88745,1,
3106,55621,1,1.0
3107,6525,1,
3108,4750,1,
3109,196513,1,
3110,714,1,
3111,84675,1,
3112,23233,1,
3113,55204,1,
3114,23225,1,
3115,53944,1,
3116,10935,1,
3117,7494,1,1.0
3118,9586,1,
3119,27102,1,
3120,26538,1,1.0
3121,23478,1,
3122,29841,1,
3123,100130733,1,
3124,6866,1,
3125,4015,1,
3126,658,1,
3127,6801,1,
3128,53904,1,
3129,8846,1,
3130,51479,1,
3131,23177,1,
3132,389827,1,
3133,338567,1,
3134,221830,1,1.0
3135,642,1,1.0
3136,6697,1,
3137,6564,1,
3138,285195,1,
3139,84419,1,
3140,2054,1,
3141,57822,1,
3142,55911,1,
3143,30011,1,
3144,26211,1,
3145,83982,1,1.0
3146,401427,1,
3147,55761,1,
3148,23254,1,
3149,2070,1,
3150,22985,1,
3151,27352,1,
3152,391192,1,
3153,63941,1,
3154,147906,1,
3155,8678,1,
3156,150353,1,1.0
3157,80317,1,
3158,29116,1,1.0
3159,2491,1,
3160,94233,1,
3161,57190,1,1.0
3162,8630,1,
3163,4125,1,1.0
3164,2483,1,
3165,2078,1,
3166,31,1,
3167,57379,1,1.0
3168,9852,1,
3169,4133,1,
3170,91624,1,1.0
3171,27111,1,
3172,256144,1,1.0
3173,8710,1,
3174,6862,1,
3175,149478,1,
3176,81890,1,
3177,162333,1,
3178,23065,1,1.0
3179,283160,1,
3180,27159,1,
3181,79848,1,
3182,285237,1,
3183,55825,1,
3184,10218,1,
3185,8718,1,1.0
3186,22901,1,
3187,222865,1,
3188,51182,1,1.0
3189,135656,1,
3190,2563,1,
3191,23041,1,
3192,9735,1,
3193,23566,1,
3194,80381,1,
3195,374768,1,
3196,10226,1,
3197,2038,1,
3198,4600,1,
3199,79864,1,
3200,25921,1,1.0
3201,10735,1,
3202,162514,1,
3203,490,1,
3204,4824,1,
3205,730,1,1.0
3206,94107,1,
3207,83986,1,
3208,22875,1,
3209,9150,1,
3210,23506,1,
3211,339779,1,
3212,84923,1,
3213,57157,1,
3214,60343,1,
3215,10316,1,
3216,55124,1,
3217,8666,1,
3218,4783,1,
3219,64429,1,
3220,3927,1,
3221,196441,1,1.0
3222,2979,1,
3223,8733,1,
3224,930,1,
3225,23457,1,
3226,5980,1,
3227,29063,1,
3228,353174,1,
3229,64405,1,
3230,3032,1,
3231,11151,1,
3232,79712,1,
3233,5988,1,1.0
3234,84867,1,1.0
3235,7041,1,
3236,84859,1,
3237,11127,1,
3238,134083,1,
3239,8907,1,1.0
3240,80757,1,
3241,266727,1,
3242,55068,1,
3243,1822,1,
3244,10018,1,
3245,390148,1,
3246,677,1,
3247,5924,1,
3248,9214,1,
3249,1830,1,1.0
3250,1018,1,
3251,441282,1,
3252,5932,1,
3253,203430,1,
3254,5104,1,
3255,402569,1,
3256,285848,1,
3257,7008,1,1.0
3258,79664,1,
3259,7145,1,
3260,92840,1,
3261,23521,1,
3262,11231,1,
3263,162699,1,
3264,23513,1,
3265,6448,1,
3266,29935,1,
3267,84947,1,
3268,175,1,
3269,84189,1,
3270,11215,1,
3271,55253,1,
3272,1016,1,
3273,23409,1,1.0
3274,64221,1,
3275,2827,1,1.0
3276,4904,1,
3277,55756,1,
3278,8458,1,
3279,54714,1,
3280,7073,1,
3281,64285,1,
3282,2843,1,
3283,794,1,1.0
3284,10114,1,
3285,340286,1,
3286,6737,1,
3287,153830,1,
3288,23313,1,
3289,4791,1,
3290,51078,1,1.0
3291,2859,1,
3292,3975,1,
3293,92856,1,
3294,6913,1,
3295,22997,1,1.0
3296,59274,1,
3297,56998,1,1.0
3298,51086,1,
3299,10991,1,
3300,144108,1,1.0
3301,729830,1,
3302,7462,1,
3303,144100,1,
3304,10312,1,
3305,51094,1,
3306,6953,1,1.0
3307,58158,1,
3308,4584,1,1.0
3309,138065,1,1.0
3310,90990,1,
3311,4968,1,
3312,128646,1,1.0
3313,80741,1,1.0
3314,1894,1,
3315,866,1,
3316,7009,1,
3317,30001,1,
3318,11103,1,
3319,2907,1,
3320,79720,1,1.0
3321,5996,1,1.0
3322,11095,1,
3323,9046,1,
3324,10936,1,
3325,11055,1,
3326,144715,1,1.0
3327,64333,1,
3328,117579,1,
3329,842,1,
3330,80709,1,
3331,145264,1,
3332,4928,1,
3333,338751,1,
3334,1910,1,
3335,84660,1,
3336,826,1,
3337,23353,1,
3338,2867,1,1.0
3339,10106,1,1.0
3340,1346,1,
3341,389161,1,
3342,6188,1,
3343,729475,1,
3344,10237,1,1.0
3345,221178,1,
3346,8419,1,1.0
3347,83953,1,
3348,135152,1,
3349,2621,1,
3350,153579,1,
3351,283687,1,
3352,55716,1,
3353,83937,1,
3354,116966,1,1.0
3355,139716,1,
3356,2009,1,1.0
3357,7454,1,
3358,55266,1,1.0
3359,645121,1,1.0
3360,81870,1,
3361,10474,1,1.0
3362,8427,1,1.0
3363,55532,1,1.0
3364,4040,1,
3365,163782,1,
3366,51438,1,
3367,239,1,
3368,91369,1,
3369,220929,1,
3370,51129,1,
3371,3356,1,1.0
3372,22850,1,
3373,2327,1,
3374,79871,1,
3375,203068,1,1.0
3376,10157,1,1.0
3377,6193,1,
3378,2131,1,
3379,114770,1,
3380,4176,1,
3381,10319,1,
3382,219348,1,1.0
3383,57414,1,1.0
3384,51267,1,
3385,55361,1,
3386,57406,1,
3387,1787,1,
3388,4152,1,
3389,10295,1,
3390,2052,1,
3391,215,1,
3392,10287,1,
3393,203286,1,
3394,79917,1,
3395,22987,1,
3396,10458,1,
3397,161829,1,
3398,24139,1,
3399,387103,1,
3400,284697,1,
3401,11016,1,
3402,391189,1,
3403,83987,1,
3404,8969,1,
3405,1959,1,
3406,414194,1,
3407,157922,1,
3408,10482,1,
3409,8106,1,
3410,10327,1,
3411,55596,1,
3412,57186,1,
3413,1889,1,
3414,54039,1,
3415,196446,1,
3416,55131,1,1.0
3417,219428,1,
3418,83468,1,
3419,403277,1,
3420,51548,1,
3421,401612,1,
3422,7994,1,1.0
3423,28969,1,1.0
3424,55698,1,
3425,646962,1,1.0
3426,79663,1,
3427,126820,1,
3428,114991,1,1.0
3429,340273,1,
3430,2358,1,
3431,341799,1,
3432,311,1,
3433,219493,1,
3434,1293,1,
3435,84286,1,
3436,284443,1,
3437,89882,1,
3438,83737,1,
3439,196374,1,
3440,7184,1,
3441,253714,1,
3442,55139,1,
3443,10085,1,
3444,8435,1,
3445,8467,1,1.0
3446,10149,1,
3447,10490,1,
3448,645027,1,
3449,57595,1,
3450,8451,1,
3451,55691,1,
3452,79767,1,
3453,55556,1,
3454,6926,1,
3455,8082,1,1.0
3456,29979,1,
3457,79759,1,
3458,2318,1,
3459,10514,1,1.0
3460,51081,1,
3461,3030,1,
3462,3976,1,
3463,64794,1,
3464,9728,1,
3465,64091,1,
3466,200576,1,
3467,374655,1,1.0
3468,25904,1,
3469,116444,1,
3470,10522,1,
3471,51065,1,
3472,23116,1,
3473,29940,1,
3474,51057,1,
3475,10093,1,1.0
3476,84174,1,
3477,53336,1,
3478,4141,1,
3479,147912,1,
3480,163183,1,1.0
3481,317761,1,
3482,10864,1,1.0
3483,57662,1,
3484,84283,1,1.0
3485,10330,1,
3486,4189,1,1.0
3487,57646,1,
3488,55593,1,
3489,10535,1,1.0
3490,28964,1,1.0
3491,30836,1,
3492,154288,1,
3493,340252,1,
3494,219417,1,
3495,133015,1,
3496,8470,1,
3497,80149,1,
3498,389396,1,
3499,51735,1,
3500,219409,1,
3501,57614,1,
3502,55561,1,
3503,79147,1,
3504,57604,1,
3505,51302,1,
3506,114791,1,
3507,4352,1,
3508,10495,1,1.0
3509,10346,1,
3510,4868,1,
3511,80205,1,
3512,6252,1,
3513,55681,1,
3514,10655,1,
3515,57758,1,
3516,410,1,
3517,47,1,
3518,27031,1,
3519,55,1,
3520,131474,1,
3521,55697,1,
3522,5425,1,
3523,145741,1,
3524,22921,1,
3525,4488,1,
3526,10631,1,
3527,10109,1,
3528,53632,1,
3529,10322,1,
3530,10623,1,
3531,27239,1,
3532,6521,1,
3533,57718,1,
3534,55665,1,
3535,4157,1,
3536,80237,1,
3537,55364,1,
3538,6497,1,
3539,8707,1,
3540,8534,1,
3541,23262,1,
3542,57419,1,
3543,8929,1,1.0
3544,6385,1,
3545,23270,1,
3546,90,1,
3547,114,1,1.0
3548,4248,1,
3549,8342,1,
3550,57507,1,
3551,4261,1,
3552,245927,1,
3553,389289,1,
3554,57515,1,
3555,6125,1,
3556,10367,1,
3557,30845,1,1.0
3558,2222,1,1.0
3559,84140,1,
3560,79989,1,
3561,283383,1,
3562,6257,1,
3563,2065,1,
3564,57523,1,
3565,4277,1,
3566,57531,1,1.0
3567,84075,1,
3568,10147,1,
3569,6249,1,
3570,4285,1,1.0
3571,132864,1,
3572,57446,1,
3573,9671,1,
3574,114786,1,
3575,6241,1,1.0
3576,145501,1,
3577,6910,1,
3578,159,1,
3579,139422,1,
3580,4839,1,
3581,22895,1,1.0
3582,55529,1,
3583,158521,1,
3584,112752,1,
3585,4320,1,
3586,93273,1,
3587,10455,1,
3588,57459,1,
3589,51411,1,
3590,114898,1,
3591,57565,1,
3592,2251,1,
3593,10992,1,1.0
3594,221937,1,
3595,5837,1,
3596,116931,1,
3597,6305,1,1.0
3598,125058,1,
3599,57475,1,
3600,51334,1,
3601,10423,1,
3602,57526,1,
3603,51379,1,
3604,178,1,
3605,85021,1,1.0
3606,143,1,
3607,51371,1,
3608,112399,1,
3609,8358,1,1.0
3610,151,1,
3611,162,1,
3612,27180,1,
3613,30837,1,
3614,9075,1,1.0
3615,9875,1,
3616,51118,1,
3617,27445,1,1.0
3618,83607,1,
3619,84928,1,
3620,5781,1,
3621,56980,1,
3622,1955,1,
3623,9132,1,
3624,7139,1,1.0
3625,2889,1,1.0
3626,4938,1,
3627,54466,1,
3628,11085,1,
3629,50831,1,
3630,4914,1,
3631,2865,1,1.0
3632,55552,1,
3633,387885,1,1.0
3634,727851,1,
3635,26267,1,1.0
3636,2857,1,1.0
3637,149499,1,
3638,11045,1,
3639,6586,1,
3640,800,1,
3641,126626,1,
3642,92949,1,
3643,23315,1,
3644,784,1,
3645,11021,1,1.0
3646,5797,1,
3647,4946,1,
3648,54925,1,
3649,9044,1,
3650,7043,1,
3651,64423,1,1.0
3652,1053,1,1.0
3653,928,1,
3654,9827,1,
3655,84889,1,
3656,54885,1,1.0
3657,390038,1,
3658,164284,1,1.0
3659,9501,1,
3660,9100,1,1.0
3661,26219,1,1.0
3662,54893,1,
3663,904,1,1.0
3664,80775,1,1.0
3665,4994,1,
3666,11093,1,
3667,3694,1,1.0
3668,115584,1,
3669,284654,1,
3670,64375,1,1.0
3671,79473,1,1.0
3672,54901,1,
3673,3702,1,1.0
3674,50807,1,1.0
3675,55367,1,1.0
3676,1663,1,1.0
3677,23395,1,
3678,56155,1,
3679,7812,1,1.0
3680,23553,1,1.0
3681,23307,1,
3682,285676,1,1.0
3683,50855,1,
3684,23179,1,1.0
3685,7757,1,1.0
3686,390195,1,
3687,7222,1,1.0
3688,8314,1,
3689,2729,1,
3690,27319,1,
3691,10917,1,1.0
3692,55971,1,
3693,23195,1,1.0
3694,115352,1,1.0
3695,9963,1,
3696,283807,1,1.0
3697,23187,1,1.0
3698,656,1,1.0
3699,2697,1,1.0
3700,688,1,1.0
3701,648,1,
3702,2689,1,1.0
3703,3822,1,
3704,84899,1,
3705,729230,1,
3706,8345,1,
3707,60437,1,1.0
3708,55915,1,1.0
3709,4714,1,1.0
3710,9415,1,1.0
3711,165631,1,
3712,23139,1,
3713,283234,1,1.0
3714,10845,1,1.0
3715,340654,1,
3716,2737,1,1.0
3717,64902,1,1.0
3718,338661,1,1.0
3719,30813,1,
3720,5805,1,
3721,2817,1,
3722,11005,1,
3723,50863,1,
3724,84245,1,
3725,6899,1,
3726,4850,1,
3727,2801,1,
3728,752,1,1.0
3729,10989,1,
3730,149175,1,1.0
3731,57020,1,
3732,54973,1,
3733,10973,1,
3734,81624,1,
3735,130752,1,1.0
3736,6875,1,1.0
3737,10965,1,1.0
3738,9923,1,1.0
3739,23251,1,
3740,4818,1,
3741,166655,1,
3742,10061,1,1.0
3743,54989,1,1.0
3744,158405,1,
3745,158880,1,1.0
3746,1743,1,
3747,79893,1,
3748,8884,1,
3749,23467,1,1.0
3750,57690,1,1.0
3751,1264,1,1.0
3752,9723,1,1.0
3753,9332,1,
3754,126069,1,
3755,9340,1,1.0
3756,654463,1,1.0
3757,23683,1,1.0
3758,81031,1,
3759,23246,1,1.0
3760,5042,1,1.0
3761,7307,1,
3762,81392,1,
3763,78990,1,1.0
3764,23438,1,
3765,64663,1,
3766,56475,1,1.0
3767,286204,1,
3768,130560,1,1.0
3769,9324,1,
3770,1120,1,1.0
3771,9739,1,
3772,9308,1,
3773,151790,1,
3774,3161,1,
3775,1112,1,
3776,64599,1,1.0
3777,203859,1,
3778,79027,1,1.0
3779,6096,1,
3780,54346,1,
3781,3145,1,1.0
3782,2239,1,1.0
3783,400451,1,
3784,23641,1,
3785,4790,1,1.0
3786,3566,1,1.0
3787,5322,1,1.0
3788,10712,1,
3789,9444,1,
3790,54498,1,
3791,3297,1,1.0
3792,132320,1,1.0
3793,11070,1,
3794,25820,1,
3795,54490,1,1.0
3796,259286,1,
3797,5330,1,
3798,85462,1,1.0
3799,171484,1,
3800,9420,1,1.0
3801,7371,1,1.0
3802,54749,1,1.0
3803,1184,1,
3804,3558,1,
3805,7182,1,
3806,90161,1,
3807,168975,1,
3808,25788,1,
3809,3257,1,
3810,25780,1,
3811,23731,1,
3812,3249,1,1.0
3813,5290,1,
3814,9380,1,
3815,57418,1,
3816,54434,1,
3817,3233,1,
3818,169026,1,
3819,83698,1,
3820,392255,1,1.0
3821,23523,1,
3822,9212,1,1.0
3823,23547,1,
3824,5685,1,
3825,81849,1,
3826,113655,1,
3827,11253,1,1.0
3828,11245,1,
3829,148753,1,
3830,134121,1,
3831,5693,1,
3832,23174,1,1.0
3833,132671,1,1.0
3834,338917,1,
3835,123876,1,
3836,5090,1,
3837,1583,1,
3838,9241,1,
3839,10283,1,
3840,3033,1,1.0
3841,1607,1,1.0
3842,976,1,1.0
3843,8317,1,1.0
3844,9156,1,
3845,84929,1,
3846,5709,1,1.0
3847,256957,1,
3848,23196,1,1.0
3849,80823,1,1.0
3850,93109,1,1.0
3851,24148,1,
3852,11261,1,
3853,80895,1,1.0
3854,11325,1,
3855,343071,1,1.0
3856,9276,1,1.0
3857,89927,1,
3858,54813,1,
3859,2532,1,1.0
3860,26147,1,
3861,23603,1,1.0
3862,390190,1,
3863,9260,1,
3864,5162,1,
3865,65121,1,
3866,205860,1,
3867,7203,1,
3868,199713,1,1.0
3869,1056,1,
3870,388125,1,
3871,1024,1,
3872,222236,1,1.0
3873,81448,1,
3874,1048,1,
3875,144406,1,
3876,11285,1,
3877,5143,1,
3878,55297,1,
3879,5138,1,
3880,100131187,1,
3881,9771,1,
3882,54829,1,1.0
3883,3081,1,1.0
3884,4237,1,1.0
3885,84993,1,
3886,8796,1,
3887,9987,1,1.0
3888,84569,1,
3889,79801,1,1.0
3890,10445,1,1.0
3891,1141,1,1.0
3892,2257,1,
3893,55507,1,
3894,5338,1,
3895,158135,1,
3896,80095,1,
3897,2892,1,1.0
3898,2273,1,
3899,57572,1,1.0
3900,10469,1,
3901,6650,1,
3902,378807,1,1.0
3903,3188,1,
3904,90316,1,
3905,4298,1,
3906,347169,1,
3907,78995,1,
3908,115330,1,1.0
3909,162967,1,1.0
3910,51393,1,1.0
3911,79809,1,1.0
3912,283767,1,
3913,57532,1,
3914,6331,1,1.0
3915,54857,1,
3916,80055,1,
3917,57524,1,
3918,6323,1,1.0
3919,100130988,1,
3920,257144,1,
3921,196528,1,
3922,83887,1,
3923,246269,1,
3924,124817,1,
3925,6443,1,
3926,51497,1,
3927,10131,1,1.0
3928,8484,1,
3929,7760,1,1.0
3930,3766,1,1.0
3931,8092,1,
3932,84249,1,1.0
3933,6045,1,
3934,286827,1,
3935,167838,1,
3936,6419,1,
3937,2321,1,1.0
3938,9372,1,1.0
3939,51103,1,1.0
3940,8436,1,
3941,2313,1,
3942,80135,1,
3943,57447,1,
3944,79777,1,
3945,8452,1,
3946,91252,1,
3947,4354,1,
3948,2330,1,1.0
3949,10493,1,1.0
3950,9329,1,
3951,164127,1,
3952,116985,1,
3953,248,1,1.0
3954,23274,1,1.0
3955,90060,1,
3956,80031,1,
3957,9337,1,
3958,57332,1,1.0
3959,79849,1,
3960,148229,1,
3961,2121,1,
3962,57412,1,
3963,55363,1,1.0
3964,60560,1,1.0
3965,57404,1,
3966,6203,1,
3967,161882,1,
3968,48,1,
3969,79919,1,
3970,55277,1,
3971,10227,1,
3972,145447,1,
3973,55285,1,
3974,389206,1,
3975,4086,1,1.0
3976,10269,1,1.0
3977,253980,1,
3978,4122,1,
3979,2073,1,
3980,131096,1,
3981,79895,1,1.0
3982,100134934,1,1.0
3983,92181,1,1.0
3984,79634,1,
3985,285643,1,1.0
3986,79865,1,
3987,122876,1,
3988,57348,1,
3989,10325,1,
3990,4070,1,
3991,4046,1,1.0
3992,128,1,
3993,51151,1,1.0
3994,79825,1,
3995,10389,1,
3996,57492,1,
3997,6291,1,
3998,2193,1,
3999,126823,1,
4000,143502,1,
4001,55435,1,1.0
4002,51337,1,
4003,114824,1,
4004,10195,1,
4005,57476,1,
4006,286676,1,
4007,162962,1,
4008,9361,1,
4009,4218,1,1.0
4010,2169,1,1.0
4011,120,1,
4012,57460,1,1.0
4013,6259,1,1.0
4014,23678,1,
4015,343170,1,1.0
4016,112,1,
4017,57452,1,1.0
4018,23389,1,1.0
4019,104,1,
4020,374887,1,
4021,79746,1,
4022,57665,1,
4023,57463,1,
4024,26207,1,
4025,8500,1,
4026,266722,1,
4027,342527,1,
4028,7988,1,
4029,221692,1,
4030,254102,1,
4031,4602,1,
4032,375287,1,
4033,27125,1,
4034,55795,1,1.0
4035,4594,1,1.0
4036,84465,1,1.0
4037,6635,1,1.0
4038,2537,1,1.0
4039,488,1,
4040,143162,1,1.0
4041,84449,1,
4042,60496,1,
4043,160851,1,
4044,8668,1,
4045,220988,1,1.0
4046,131544,1,1.0
4047,80343,1,
4048,5949,1,
4049,50615,1,
4050,3902,1,
4051,3156,1,1.0
4052,90233,1,
4053,27085,1,1.0
4054,554235,1,1.0
4055,65992,1,
4056,63943,1,
4057,3624,1,
4058,55819,1,
4059,1109,1,
4060,2617,1,
4061,84969,1,
4062,3846,1,
4063,84561,1,
4064,399947,1,
4065,84553,1,1.0
4066,219537,1,
4067,6723,1,
4068,4674,1,
4069,2625,1,
4070,347918,1,1.0
4071,64063,1,1.0
4072,1807,1,
4073,10003,1,
4074,89876,1,
4075,5909,1,
4076,10765,1,1.0
4077,55859,1,
4078,5600,1,
4079,54930,1,
4080,89884,1,
4081,353345,1,
4082,5191,1,1.0
4083,152098,1,
4084,84513,1,
4085,145258,1,
4086,23710,1,1.0
4087,2585,1,
4088,10773,1,
4089,8200,1,
4090,51729,1,
4091,8644,1,
4092,162239,1,1.0
4093,10549,1,1.0
4094,728888,1,
4095,163688,1,
4096,284525,1,
4097,22907,1,
4098,200558,1,
4099,55667,1,1.0
4100,84337,1,1.0
4101,5223,1,
4102,79729,1,
4103,8556,1,1.0
4104,221044,1,
4105,84329,1,
4106,6005,1,
4107,3958,1,
4108,1911,1,
4109,57692,1,
4110,284076,1,1.0
4111,55643,1,1.0
4112,643418,1,1.0
4113,10107,1,1.0
4114,336,1,
4115,29803,1,1.0
4116,7318,1,
4117,80199,1,1.0
4118,8516,1,
4119,8076,1,
4120,320,1,
4121,60528,1,
4122,10557,1,1.0
4123,80183,1,
4124,28982,1,1.0
4125,80255,1,1.0
4126,91289,1,1.0
4127,10401,1,
4128,8612,1,1.0
4129,27069,1,
4130,8636,1,
4131,5957,1,1.0
4132,94026,1,
4133,80311,1,1.0
4134,29110,1,
4135,55731,1,
4136,148254,1,
4137,80303,1,
4138,7262,1,
4139,10067,1,1.0
4140,4522,1,1.0
4141,81050,1,1.0
4142,51031,1,
4143,6563,1,
4144,57732,1,
4145,390243,1,1.0
4146,55133,1,
4147,10653,1,
4148,140628,1,
4149,408,1,
4150,63895,1,
4151,6579,1,
4152,219539,1,1.0
4153,80271,1,
4154,57179,1,
4155,10741,1,
4156,3172,1,
4157,51593,1,1.0
4158,392,1,
4159,570,1,1.0
4160,3313,1,
4161,553,1,
4162,283677,1,
4163,143503,1,1.0
4164,9267,1,
4165,11314,1,
4166,5165,1,
4167,7204,1,
4168,5582,1,1.0
4169,222235,1,
4170,265,1,
4171,57509,1,
4172,26873,1,1.0
4173,23176,1,
4174,4267,1,1.0
4175,112802,1,
4176,346288,1,1.0
4177,7220,1,
4178,374918,1,
4179,5173,1,
4180,92292,1,
4181,9448,1,
4182,23443,1,
4183,164781,1,
4184,26048,1,
4185,221301,1,1.0
4186,9275,1,
4187,7086,1,
4188,3134,1,
4189,58538,1,1.0
4190,11184,1,
4191,131177,1,1.0
4192,116840,1,
4193,255043,1,1.0
4194,10420,1,
4195,128025,1,
4196,64426,1,
4197,5125,1,
4198,387332,1,
4199,6402,1,
4200,2048,1,1.0
4201,731220,1,
4202,10492,1,
4203,2296,1,
4204,6890,1,1.0
4205,57830,1,
4206,11266,1,
4207,57573,1,
4208,132332,1,1.0
4209,225,1,1.0
4210,55713,1,1.0
4211,254173,1,1.0
4212,114905,1,
4213,169611,1,
4214,2264,1,1.0
4215,23288,1,
4216,10452,1,1.0
4217,55506,1,1.0
4218,114897,1,1.0
4219,201562,1,
4220,90317,1,
4221,10444,1,
4222,160777,1,
4223,91147,1,
4224,80070,1,
4225,114881,1,
4226,7180,1,
4227,115727,1,
4228,53347,1,
4229,1848,1,
4230,6234,1,
4231,139081,1,
4232,165904,1,
4233,79886,1,
4234,81929,1,
4235,7268,1,
4236,51230,1,1.0
4237,283933,1,1.0
4238,23660,1,
4239,1,1,
4240,10801,1,
4241,6782,1,
4242,1143,1,
4243,58491,1,
4244,60484,1,
4245,25817,1,
4246,58499,1,1.0
4247,4115,1,
4248,645090,1,1.0
4249,4065,1,
4250,5253,1,
4251,259217,1,
4252,10204,1,
4253,55258,1,
4254,26580,1,
4255,2000,1,1.0
4256,147407,1,
4257,161742,1,1.0
4258,1992,1,
4259,9145,1,
4260,55234,1,
4261,30827,1,1.0
4262,55314,1,
4263,10260,1,
4264,5189,1,
4265,49,1,
4266,280664,1,
4267,389207,1,1.0
4268,2969,1,
4269,4191,1,
4270,2128,1,
4271,64434,1,
4272,7067,1,
4273,26692,1,
4274,1103,1,
4275,949,1,
4276,5205,1,
4277,57405,1,1.0
4278,10300,1,
4279,389075,1,
4280,51248,1,
4281,60506,1,
4282,10284,1,1.0
4283,4139,1,1.0
4284,153642,1,1.0
4285,41,1,1.0
4286,123591,1,
4287,10276,1,
4288,4131,1,1.0
4289,55330,1,1.0
4290,3158,1,
4291,23310,1,
4292,10268,1,1.0
4293,6170,1,
4294,25,1,
4295,51224,1,
4296,3070,1,
4297,4363,1,1.0
4298,9675,1,1.0
4299,23460,1,
4300,201163,1,1.0
4301,2033,1,
4302,23468,1,
4303,9131,1,1.0
4304,11178,1,
4305,11168,1,
4306,473,1,
4307,203069,1,
4308,123803,1,1.0
4309,10716,1,
4310,139741,1,
4311,93408,1,1.0
4312,919,1,
4313,84886,1,
4314,55754,1,
4315,29127,1,
4316,80326,1,
4317,8645,1,1.0
4318,23584,1,1.0
4319,4547,1,
4320,6594,1,1.0
4321,8408,1,1.0
4322,9121,1,
4323,54869,1,1.0
4324,9147,1,
4325,4539,1,
4326,56252,1,
4327,5053,1,1.0
4328,84926,1,
4329,64418,1,
4330,151987,1,1.0
4331,9844,1,
4332,10724,1,
4333,7060,1,
4334,23420,1,
4335,51752,1,
4336,10788,1,
4337,2934,1,1.0
4338,643226,1,
4339,55757,1,
4340,10664,1,
4341,11279,1,
4342,201243,1,
4343,375318,1,1.0
4344,8725,1,
4345,4627,1,
4346,51663,1,
4347,158586,1,
4348,55818,1,
4349,143879,1,
4350,63974,1,
4351,5015,1,1.0
4352,2560,1,1.0
4353,79956,1,
4354,494470,1,1.0
4355,734,1,
4356,4603,1,1.0
4357,23034,1,
4358,11146,1,1.0
4359,64410,1,
4360,84878,1,1.0
4361,911,1,1.0
4362,8685,1,
4363,55786,1,1.0
4364,489,1,
4365,8621,1,
4366,144321,1,
4367,27044,1,
4368,55610,1,
4369,84304,1,
4370,6840,1,
4371,5093,1,
4372,57677,1,
4373,10572,1,
4374,51528,1,
4375,80198,1,
4376,57669,1,
4377,999,1,
4378,203074,1,
4379,5101,1,
4380,23774,1,
4381,9129,1,
4382,84105,1,
4383,313,1,
4384,29015,1,
4385,51512,1,
4386,100131827,1,
4387,22834,1,
4388,57645,1,
4389,6442,1,
4390,10524,1,
4391,151835,1,
4392,127255,1,
4393,115703,1,
4394,22802,1,
4395,9211,1,
4396,127247,1,
4397,10501,1,
4398,613209,1,
4399,5431,1,
4400,91107,1,
4401,4515,1,
4402,10628,1,
4403,119749,1,
4404,8605,1,
4405,4507,1,
4406,3014,1,
4407,409,1,
4408,51608,1,
4409,29079,1,
4410,10644,1,
4411,54221,1,
4412,752014,1,
4413,119765,1,
4414,393,1,
4415,51592,1,
4416,84950,1,
4417,55600,1,
4418,23462,1,
4419,8573,1,
4420,80856,1,
4421,222171,1,
4422,124460,1,
4423,90485,1,
4424,431707,1,
4425,57709,1,
4426,7132,1,
4427,22890,1,
4428,3038,1,
4429,256356,1,
4430,5981,1,
4431,55650,1,
4432,54495,1,
4433,23036,1,
4434,9371,1,
4435,23708,1,
4436,5357,1,1.0
4437,1496,1,1.0
4438,85465,1,
4439,5594,1,
4440,138715,1,
4441,79805,1,
4442,200634,1,
4443,50804,1,
4444,54429,1,
4445,1359,1,
4446,54762,1,
4447,286187,1,
4448,26092,1,
4449,646643,1,
4450,9716,1,
4451,64983,1,
4452,9684,1,
4453,284114,1,
4454,64848,1,
4455,79035,1,
4456,203062,1,
4457,9401,1,
4458,26271,1,
4459,85449,1,
4460,5927,1,
4461,56302,1,
4462,644538,1,
4463,9652,1,
4464,81327,1,
4465,3422,1,
4466,26020,1,
4467,3489,1,
4468,9832,1,
4469,83448,1,
4470,200185,1,
4471,26156,1,
4472,81839,1,
4473,5437,1,
4474,284904,1,
4475,6469,1,
4476,5698,1,
4477,147007,1,
4478,9788,1,
4479,116039,1,
4480,54842,1,
4481,79414,1,
4482,64840,1,
4483,9547,1,
4484,3633,1,
4485,339501,1,1.0
4486,3625,1,
4487,5626,1,1.0
4488,284194,1,1.0
4489,3617,1,
4490,3609,1,
4491,9015,1,
4492,253260,1,
4493,56851,1,
4494,5650,1,
4495,89777,1,
4496,7003,1,
4497,11062,1,
4498,3593,1,
4499,9732,1,
4500,153090,1,
4501,9724,1,
4502,151194,1,
4503,7579,1,
4504,54629,1,
4505,55758,1,
4506,51111,1,
4507,50488,1,1.0
4508,79158,1,
4509,124739,1,
4510,254394,1,
4511,29998,1,
4512,9516,1,1.0
4513,26019,1,1.0
4514,114088,1,1.0
4515,403341,1,1.0
4516,159013,1,
4517,7596,1,
4518,116143,1,
4519,9500,1,1.0
4520,29974,1,
4521,9540,1,
4522,285971,1,1.0
4523,199953,1,
4524,163087,1,
4525,54538,1,
4526,11272,1,
4527,9476,1,
4528,1280,1,
4529,29950,1,
4530,6423,1,
4531,25852,1,
4532,222643,1,
4533,85438,1,
4534,85004,1,1.0
4535,29942,1,1.0
4536,1439,1,
4537,79174,1,
4538,57608,1,1.0
4539,9580,1,1.0
4540,25963,1,1.0
4541,284013,1,1.0
4542,7571,1,1.0
4543,115701,1,1.0
4544,9209,1,
4545,5506,1,
4546,9179,1,
4547,1408,1,1.0
4548,7547,1,1.0
4549,1400,1,
4550,91523,1,
4551,101059953,1,
4552,415117,1,
4553,30062,1,
4554,6945,1,
4555,5450,1,
4556,163175,1,
4557,1029,1,
4558,56675,1,
4559,7174,1,
4560,1431,1,
4561,142685,1,
4562,9564,1,
4563,56667,1,
4564,23493,1,
4565,91694,1,
4566,9627,1,
4567,85406,1,
4568,1360,1,
4569,5987,1,
4570,9785,1,
4571,3673,1,
4572,9820,1,
4573,51000,1,
4574,10076,1,
4575,8027,1,
4576,3929,1,
4577,54461,1,
4578,387509,1,
4579,8019,1,
4580,125061,1,
4581,5319,1,
4582,55114,1,
4583,55106,1,1.0
4584,1856,1,1.0
4585,29889,1,1.0
4586,25793,1,
4587,9411,1,
4588,54477,1,1.0
4589,151393,1,1.0
4590,55750,1,
4591,9427,1,1.0
4592,161582,1,
4593,155435,1,1.0
4594,5333,1,1.0
4595,25819,1,
4596,10020,1,
4597,146378,1,
4598,56548,1,
4599,93973,1,
4600,9451,1,1.0
4601,79630,1,
4602,3849,1,1.0
4603,57091,1,1.0
4604,79710,1,1.0
4605,55138,1,1.0
4606,167681,1,
4607,79750,1,
4608,83888,1,
4609,9425,1,
4610,4009,1,
4611,1960,1,
4612,79782,1,
4613,23007,1,
4614,54437,1,
4615,79774,1,
4616,1191,1,
4617,390892,1,
4618,94101,1,
4619,59284,1,1.0
4620,100,1,1.0
4621,84376,1,1.0
4622,253827,1,1.0
4623,7768,1,
4624,135112,1,1.0
4625,154796,1,1.0
4626,1912,1,1.0
4627,5076,1,1.0
4628,5327,1,
4629,10100,1,1.0
4630,23732,1,
4631,3953,1,
4632,196463,1,1.0
4633,11219,1,
4634,8288,1,
4635,26476,1,
4636,29881,1,
4637,60386,1,
4638,9169,1,1.0
4639,93426,1,
4640,1632,1,1.0
4641,9860,1,1.0
4642,54557,1,
4643,3358,1,
4644,5794,1,1.0
4645,3745,1,1.0
4646,11240,1,1.0
4647,26268,1,1.0
4648,3737,1,1.0
4649,163479,1,
4650,6515,1,1.0
4651,5778,1,1.0
4652,50832,1,
4653,255275,1,
4654,7468,1,
4655,390790,1,
4656,1327,1,
4657,50856,1,
4658,3713,1,
4659,64816,1,1.0
4660,56955,1,
4661,1656,1,1.0
4662,84435,1,
4663,79153,1,
4664,56947,1,
4665,7476,1,1.0
4666,255426,1,1.0
4667,57684,1,
4668,116328,1,
4669,30009,1,
4670,7779,1,1.0
4671,5730,1,1.0
4672,1303,1,
4673,6422,1,1.0
4674,9980,1,1.0
4675,7436,1,
4676,3833,1,1.0
4677,83715,1,
4678,1271,1,
4679,29945,1,
4680,1776,1,1.0
4681,84948,1,
4682,5866,1,
4683,3326,1,
4684,29953,1,1.0
4685,23285,1,
4686,90423,1,
4687,441608,1,
4688,3801,1,
4689,387129,1,
4690,59084,1,
4691,1213,1,
4692,54986,1,1.0
4693,3557,1,
4694,144347,1,1.0
4695,374470,1,
4696,9924,1,
4697,5192,1,
4698,5826,1,
4699,83648,1,
4700,374462,1,
4701,284346,1,
4702,374454,1,
4703,5810,1,1.0
4704,55084,1,
4705,7851,1,1.0
4706,9230,1,
4707,79640,1,
4708,128876,1,
4709,10753,1,
4710,66036,1,
4711,2549,1,1.0
4712,414,1,
4713,2557,1,
4714,8602,1,1.0
4715,90624,1,
4716,440153,1,1.0
4717,4694,1,
4718,2565,1,
4719,6558,1,
4720,84870,1,1.0
4721,27145,1,
4722,6850,1,
4723,338323,1,
4724,51102,1,
4725,84461,1,
4726,92579,1,
4727,389610,1,
4728,57761,1,
4729,10667,1,
4730,80305,1,
4731,23143,1,
4732,2072,1,
4733,10713,1,
4734,221656,1,
4735,2517,1,
4736,468,1,
4737,139728,1,
4738,6607,1,
4739,51661,1,1.0
4740,256435,1,
4741,7710,1,1.0
4742,6671,1,
4743,398,1,
4744,81442,1,1.0
4745,340562,1,1.0
4746,26212,1,
4747,23119,1,1.0
4748,201294,1,
4749,340554,1,
4750,92745,1,1.0
4751,10587,1,1.0
4752,64067,1,
4753,6493,1,
4754,1573,1,
4755,57706,1,
4756,55661,1,
4757,170392,1,
4758,9404,1,
4759,55669,1,
4760,10769,1,
4761,63898,1,
4762,8744,1,
4763,4646,1,1.0
4764,22909,1,
4765,8578,1,
4766,27257,1,
4767,6541,1,
4768,51741,1,
4769,129563,1,
4770,55355,1,
4771,10777,1,1.0
4772,8728,1,1.0
4773,51733,1,
4774,59352,1,1.0
4775,81857,1,
4776,22983,1,
4777,283078,1,
4778,6629,1,1.0
4779,100129128,1,
4780,84333,1,
4781,80235,1,1.0
4782,57704,1,1.0
4783,57818,1,1.0
4784,51557,1,
4785,478,1,
4786,57826,1,
4787,54807,1,
4788,22871,1,
4789,63827,1,
4790,8528,1,1.0
4791,51533,1,1.0
4792,332,1,
4793,26953,1,
4794,8658,1,
4795,486,1,
4796,10886,1,
4797,80195,1,
4798,284338,1,1.0
4799,115004,1,
4800,8682,1,1.0
4801,55726,1,
4802,308,1,
4803,391475,1,
4804,57648,1,1.0
4805,493869,1,
4806,112939,1,
4807,28970,1,
4808,22823,1,
4809,6511,1,
4810,338773,1,
4811,113091,1,1.0
4812,22943,1,
4813,63929,1,
4814,444,1,
4815,57786,1,
4816,29114,1,
4817,27067,1,
4818,55735,1,1.0
4819,4534,1,
4820,65982,1,1.0
4821,80321,1,
4822,150372,1,
4823,8642,1,
4824,26166,1,1.0
4825,10691,1,
4826,7727,1,
4827,4548,1,
4828,140862,1,
4829,65990,1,
4830,246181,1,
4831,9883,1,
4832,396,1,
4833,7022,1,
4834,6605,1,
4835,6535,1,1.0
4836,1740,1,
4837,388,1,
4838,22911,1,
4839,440699,1,1.0
4840,10617,1,
4841,65998,1,
4842,55671,1,1.0
4843,162387,1,1.0
4844,8538,1,
4845,153129,1,
4846,23351,1,1.0
4847,2896,1,
4848,6389,1,
4849,2861,1,1.0
4850,8434,1,1.0
4851,10475,1,1.0
4852,100287284,1,
4853,81458,1,
4854,147798,1,1.0
4855,404281,1,1.0
4856,23318,1,
4857,353088,1,1.0
4858,283899,1,
4859,3937,1,
4860,57570,1,
4861,51564,1,
4862,796,1,1.0
4863,552889,1,
4864,83475,1,
4865,2303,1,
4866,8976,1,
4867,780,1,1.0
4868,389898,1,1.0
4869,8968,1,
4870,11009,1,
4871,84080,1,
4872,4862,1,
4873,84340,1,
4874,54894,1,
4875,4356,1,
4876,2805,1,
4877,140699,1,
4878,9032,1,
4879,43849,1,
4880,8443,1,
4881,9088,1,
4882,84901,1,
4883,51315,1,1.0
4884,254428,1,
4885,57530,1,1.0
4886,125115,1,
4887,64403,1,
4888,220047,1,
4889,119694,1,1.0
4890,4284,1,
4891,84159,1,
4892,64395,1,1.0
4893,8386,1,1.0
4894,900,1,
4895,23005,1,
4896,119678,1,
4897,80723,1,1.0
4898,84861,1,
4899,135927,1,
4900,23415,1,
4901,7023,1,
4902,4974,1,
4903,2925,1,
4904,2917,1,1.0
4905,340168,1,
4906,4958,1,
4907,10443,1,1.0
4908,26984,1,1.0
4909,11097,1,
4910,6999,1,
4911,80097,1,
4912,23279,1,
4913,133383,1,
4914,22846,1,1.0
4915,22853,1,1.0
4916,27289,1,1.0
4917,2359,1,1.0
4918,389432,1,
4919,64147,1,1.0
4920,10897,1,
4921,8506,1,
4922,4487,1,
4923,23175,1,
4924,2693,1,
4925,644,1,
4926,64131,1,
4927,92552,1,
4928,7773,1,1.0
4929,57666,1,
4930,84295,1,
4931,23199,1,
4932,10902,1,
4933,79594,1,
4934,494197,1,
4935,54823,1,
4936,90736,1,
4937,146325,1,
4938,154215,1,1.0
4939,219469,1,
4940,154091,1,
4941,22926,1,
4942,80274,1,
4943,170591,1,1.0
4944,84960,1,
4945,375387,1,
4946,53918,1,1.0
4947,29924,1,
4948,57610,1,
4949,6526,1,
4950,84239,1,
4951,6887,1,
4952,100190949,1,1.0
4953,340706,1,
4954,8928,1,
4955,84971,1,
4956,84247,1,
4957,732,1,1.0
4958,6518,1,1.0
4959,57721,1,
4960,10531,1,
4961,5475,1,
4962,716,1,
4963,9853,1,
4964,80169,1,
4965,676,1,
4966,158401,1,
4967,23231,1,1.0
4968,4798,1,1.0
4969,148156,1,
4970,10539,1,
4971,219437,1,
4972,114990,1,
4973,10929,1,
4974,23215,1,1.0
4975,80177,1,
4976,8498,1,1.0
4977,1951,1,
4978,55975,1,
4979,6534,1,
4980,203245,1,
4981,28962,1,
4982,221472,1,
4983,81796,1,
4984,23205,1,
4985,4772,1,
4986,7643,1,
4987,5260,1,1.0
4988,157567,1,
4989,26112,1,
4990,26503,1,1.0
4991,6431,1,
4992,57679,1,
4993,6614,1,
4994,131375,1,1.0
4995,10127,1,
4996,57232,1,
4997,6813,1,
4998,3954,1,
4999,6703,1,
5000,8874,1,
5001,256472,1,
5002,10087,1,
5003,686,1,
5004,3938,1,
5005,5985,1,
5006,57184,1,
5007,3597,1,
5008,79709,1,
5009,256691,1,
5010,55129,1,
5011,23198,1,
5012,10071,1,
5013,79701,1,
5014,83795,1,
5015,196500,1,1.0
5016,9653,1,
5017,8858,1,
5018,646,1,
5019,10239,1,1.0
5020,51195,1,
5021,10231,1,
5022,64121,1,
5023,2035,1,
5024,4082,1,
5025,10223,1,
5026,414332,1,
5027,5931,1,1.0
5028,10215,1,
5029,6789,1,1.0
5030,51163,1,
5031,55249,1,
5032,59343,1,
5033,146057,1,
5034,90952,1,
5035,391109,1,
5036,4034,1,1.0
5037,9854,1,
5038,6529,1,
5039,8290,1,
5040,6778,1,
5041,83891,1,
5042,6829,1,1.0
5043,255919,1,
5044,84953,1,
5045,2703,1,
5046,27283,1,1.0
5047,83875,1,1.0
5048,1509,1,
5049,2743,1,
5050,94030,1,
5051,51019,1,
5052,6455,1,1.0
5053,222967,1,1.0
5054,27347,1,1.0
5055,4820,1,1.0
5056,83699,1,
5057,9967,1,
5058,9847,1,
5059,89832,1,
5060,79589,1,
5061,1763,1,
5062,55009,1,
5063,29906,1,1.0
5064,387601,1,
5065,23253,1,
5066,3802,1,
5067,79573,1,1.0
5068,79613,1,1.0
5069,10971,1,1.0
5070,1747,1,
5071,9935,1,
5072,197342,1,
5073,5833,1,
5074,9927,1,
5075,360132,1,
5076,2783,1,1.0
5077,284353,1,
5078,389856,1,1.0
5079,26259,1,
5080,10979,1,
5081,3770,1,1.0
5082,5817,1,
5083,50939,1,
5084,8301,1,
5085,57494,1,
5086,4804,1,
5087,5961,1,
5088,10055,1,
5089,55677,1,
5090,55105,1,1.0
5091,5414,1,1.0
5092,79677,1,
5093,151354,1,1.0
5094,100128569,1,1.0
5095,49854,1,1.0
5096,8898,1,
5097,22930,1,
5098,3890,1,
5099,7984,1,1.0
5100,23533,1,1.0
5101,100128553,1,1.0
5102,5889,1,
5103,57120,1,
5104,10015,1,1.0
5105,339416,1,1.0
5106,84679,1,
5107,5913,1,
5108,10007,1,1.0
5109,90826,1,
5110,27339,1,
5111,718,1,
5112,440077,1,
5113,3850,1,
5114,9991,1,
5115,1795,1,
5116,3842,1,1.0
5117,127435,1,
5118,157697,1,
5119,51205,1,
5120,92345,1,
5121,51421,1,
5122,284119,1,
5123,23061,1,
5124,7837,1,
5125,84503,1,1.0
5126,245972,1,1.0
5127,143570,1,
5128,26150,1,
5129,55837,1,
5130,2245,1,
5131,57536,1,
5132,64641,1,
5133,10787,1,
5134,4644,1,
5135,139818,1,
5136,57568,1,
5137,23019,1,1.0
5138,10417,1,1.0
5139,558,1,1.0
5140,84527,1,1.0
5141,390667,1,1.0
5142,9518,1,
5143,9737,1,1.0
5144,10803,1,
5145,220416,1,
5146,219870,1,
5147,148022,1,
5148,156,1,
5149,10393,1,
5150,6295,1,
5151,4318,1,
5152,128954,1,1.0
5153,114836,1,
5154,23235,1,
5155,344558,1,
5156,284,1,1.0
5157,57624,1,
5158,27123,1,
5159,51477,1,1.0
5160,10513,1,
5161,8698,1,1.0
5162,6653,1,1.0
5163,8706,1,
5164,80139,1,
5165,10755,1,1.0
5166,6407,1,
5167,4358,1,
5168,2567,1,
5169,80131,1,1.0
5170,57693,1,
5171,154865,1,
5172,9745,1,
5173,399909,1,1.0
5174,10489,1,
5175,8440,1,
5176,23053,1,
5177,63925,1,
5178,10481,1,1.0
5179,92691,1,
5180,200942,1,
5181,57576,1,
5182,6375,1,
5183,135398,1,
5184,51429,1,
5185,4246,1,
5186,10385,1,
5187,23217,1,1.0
5188,51400,1,1.0
5189,253430,1,1.0
5190,124401,1,
5191,145483,1,1.0
5192,645191,1,1.0
5193,55137,1,
5194,440387,1,1.0
5195,91300,1,
5196,57549,1,1.0
5197,221786,1,
5198,51253,1,
5199,55343,1,
5200,346157,1,
5201,169981,1,
5202,23133,1,
5203,115294,1,
5204,4692,1,
5205,2077,1,1.0
5206,644591,1,
5207,503834,1,
5208,27235,1,
5209,219749,1,
5210,83989,1,
5211,20,1,1.0
5212,79891,1,
5213,4716,1,
5214,8208,1,
5215,23149,1,
5216,51213,1,
5217,81932,1,
5218,30835,1,
5219,4174,1,
5220,221264,1,
5221,57488,1,
5222,5631,1,
5223,84109,1,1.0
5224,57480,1,
5225,84101,1,
5226,196740,1,
5227,140801,1,
5228,57472,1,
5229,55423,1,
5230,374907,1,
5231,445,1,
5232,22974,1,1.0
5233,2165,1,
5234,79631,1,
5235,57456,1,
5236,4676,1,
5237,79979,1,
5238,137814,1,
5239,57448,1,
5240,10609,1,
5241,51301,1,
5242,9721,1,
5243,79971,1,1.0
5244,254048,1,1.0
5245,51293,1,
5246,10827,1,
5247,30811,1,
5248,4684,1,
5249,8034,1,
5250,6733,1,
5251,339448,1,1.0
5252,79955,1,1.0
5253,11177,1,1.0
5254,84909,1,
5255,26239,1,
5256,1892,1,1.0
5257,51114,1,1.0
5258,55079,1,
5259,79706,1,
5260,5982,1,1.0
5261,57126,1,
5262,28513,1,
5263,5990,1,
5264,26576,1,
5265,342132,1,1.0
5266,5194,1,
5267,360226,1,1.0
5268,22828,1,
5269,79730,1,
5270,57633,1,
5271,79042,1,1.0
5272,79690,1,
5273,55588,1,1.0
5274,57159,1,
5275,55110,1,
5276,3909,1,1.0
5277,10611,1,
5278,440107,1,
5279,1837,1,
5280,5935,1,
5281,7035,1,
5282,56928,1,
5283,55095,1,
5284,79658,1,
5285,8404,1,
5286,51005,1,
5287,10016,1,
5288,79738,1,1.0
5289,89886,1,1.0
5290,55166,1,1.0
5291,55206,1,1.0
5292,65266,1,
5293,59336,1,
5294,55238,1,1.0
5295,79603,1,
5296,7434,1,1.0
5297,10212,1,1.0
5298,81851,1,
5299,6517,1,
5300,1789,1,1.0
5301,26002,1,
5302,7942,1,
5303,79635,1,1.0
5304,1734,1,1.0
5305,94121,1,
5306,56910,1,
5307,10112,1,
5308,10620,1,1.0
5309,677790,1,
5310,3868,1,1.0
5311,79770,1,1.0
5312,221079,1,
5313,10528,1,
5314,57231,1,1.0
5315,3981,1,1.0
5316,83852,1,
5317,147339,1,
5318,79754,1,1.0
5319,26504,1,1.0
5320,83844,1,
5321,145282,1,1.0
5322,202559,1,1.0
5323,83639,1,
5324,27086,1,
5325,23511,1,1.0
5326,10089,1,1.0
5327,3948,1,1.0
5328,2116,1,
5329,83636,1,
5330,132014,1,1.0
5331,5806,1,1.0
5332,3757,1,1.0
5333,9896,1,1.0
5334,27324,1,1.0
5335,3964,1,1.0
5336,8350,1,
5337,301,1,
5338,128674,1,1.0
5339,54942,1,1.0
5340,9880,1,1.0
5341,5822,1,
5342,57222,1,
5343,154064,1,
5344,116372,1,
5345,81555,1,
5346,26256,1,
5347,1676,1,
5348,219438,1,
5349,81539,1,
5350,9856,1,
5351,116969,1,
5352,132724,1,
5353,83861,1,
5354,386672,1,
5355,7791,1,
5356,5991,1,
5357,3781,1,1.0
5358,442186,1,
5359,9968,1,
5360,83732,1,
5361,26149,1,1.0
5362,121551,1,1.0
5363,3853,1,
5364,1869,1,
5365,360203,1,1.0
5366,83716,1,
5367,9984,1,
5368,439921,1,
5369,5886,1,
5370,84316,1,
5371,284406,1,1.0
5372,55127,1,
5373,8540,1,
5374,5870,1,
5375,5830,1,1.0
5376,83692,1,
5377,147179,1,
5378,161514,1,
5379,9341,1,
5380,79586,1,
5381,10073,1,
5382,81627,1,
5383,7290,1,
5384,10536,1,
5385,3932,1,
5386,5983,1,
5387,6549,1,
5388,8038,1,
5389,201292,1,
5390,4045,1,
5391,100132396,1,
5392,9136,1,
5393,8353,1,
5394,282775,1,
5395,92312,1,1.0
5396,9744,1,1.0
5397,9873,1,
5398,5775,1,
5399,10400,1,
5400,56244,1,
5401,84077,1,
5402,51364,1,
5403,269,1,
5404,54919,1,
5405,348327,1,
5406,2220,1,1.0
5407,3716,1,1.0
5408,2196,1,1.0
5409,57489,1,
5410,10384,1,
5411,141,1,1.0
5412,2188,1,1.0
5413,80010,1,
5414,7127,1,1.0
5415,133,1,
5416,58524,1,
5417,128239,1,
5418,254225,1,
5419,135295,1,
5420,55422,1,1.0
5421,9897,1,
5422,57465,1,1.0
5423,7253,1,
5424,53940,1,1.0
5425,1969,1,1.0
5426,57521,1,1.0
5427,375056,1,
5428,8417,1,1.0
5429,4343,1,
5430,6390,1,
5431,9825,1,1.0
5432,57585,1,
5433,10887,1,
5434,65122,1,
5435,4351,1,
5436,7782,1,
5437,54887,1,1.0
5438,8838,1,
5439,55526,1,
5440,147685,1,
5441,84196,1,
5442,401665,1,1.0
5443,158297,1,
5444,51380,1,
5445,56942,1,
5446,5734,1,
5447,9841,1,
5448,4303,1,
5449,3700,1,1.0
5450,57609,1,1.0
5451,253558,1,
5452,84164,1,1.0
5453,386681,1,
5454,10432,1,
5455,8407,1,
5456,466,1,
5457,84236,1,
5458,9857,1,
5459,114805,1,
5460,129138,1,
5461,254065,1,
5462,126969,1,1.0
5463,26648,1,
5464,21,1,1.0
5465,55015,1,1.0
5466,55260,1,
5467,10256,1,1.0
5468,4323,1,
5469,79882,1,
5470,4103,1,
5471,51303,1,
5472,388561,1,
5473,79874,1,
5474,8473,1,
5475,4093,1,1.0
5476,79595,1,1.0
5477,10232,1,
5478,503835,1,
5479,23092,1,
5480,83693,1,
5481,2332,1,
5482,91653,1,
5483,9969,1,
5484,6118,1,
5485,151525,1,
5486,51172,1,
5487,114659,1,
5488,2016,1,
5489,2012,1,
5490,387032,1,
5491,4053,1,
5492,51156,1,
5493,3812,1,
5494,29,1,
5495,10352,1,
5496,112714,1,
5497,56918,1,
5498,1717,1,
5499,101,1,1.0
5500,8289,1,
5501,57617,1,
5502,136895,1,
5503,114781,1,
5504,84060,1,
5505,6870,1,
5506,53335,1,1.0
5507,284359,1,
5508,134860,1,
5509,170062,1,
5510,131149,1,1.0
5511,26696,1,
5512,55326,1,
5513,374355,1,
5514,4159,1,
5515,10296,1,
5516,54991,1,
5517,79922,1,
5518,89822,1,1.0
5519,124976,1,1.0
5520,5733,1,
5521,257407,1,
5522,9057,1,
5523,81490,1,1.0
5524,337960,1,
5525,79906,1,
5526,387104,1,
5527,55191,1,
5528,3693,1,1.0
5529,112755,1,
5530,6229,1,
5531,127064,1,
5532,7343,1,1.0
5533,9392,1,
5534,126129,1,
5535,79026,1,
5536,150709,1,1.0
5537,7351,1,1.0
5538,3652,1,
5539,9400,1,
5540,79034,1,
5541,64699,1,
5542,51279,1,
5543,4172,1,
5544,10675,1,1.0
5545,1196,1,
5546,131405,1,
5547,162979,1,
5548,1180,1,
5549,150677,1,1.0
5550,78994,1,
5551,23294,1,
5552,399694,1,
5553,10576,1,
5554,134145,1,
5555,254050,1,
5556,3205,1,
5557,84071,1,
5558,9468,1,
5559,58488,1,
5560,154743,1,
5561,58480,1,
5562,29890,1,
5563,57834,1,1.0
5564,5318,1,
5565,3309,1,
5566,84632,1,
5567,54542,1,1.0
5568,60681,1,1.0
5569,7431,1,
5570,54534,1,
5571,64771,1,
5572,4140,1,
5573,7105,1,1.0
5574,54847,1,
5575,79098,1,
5576,54,1,
5577,9456,1,
5578,340024,1,
5579,27178,1,1.0
5580,65082,1,
5581,7367,1,
5582,91368,1,1.0
5583,10307,1,1.0
5584,55365,1,1.0
5585,23563,1,
5586,29922,1,
5587,63905,1,1.0
5588,342346,1,1.0
5589,259290,1,
5590,253143,1,
5591,8266,1,1.0
5592,259282,1,
5593,5326,1,1.0
5594,79050,1,1.0
5595,25800,1,
5596,6253,1,
5597,51540,1,
5598,1124,1,1.0
5599,5094,1,
5600,3069,1,1.0
5601,6301,1,
5602,158,1,
5603,56311,1,
5604,55794,1,
5605,3061,1,
5606,386617,1,1.0
5607,11249,1,
5608,9200,1,1.0
5609,285679,1,1.0
5610,3053,1,
5611,1004,1,
5612,7078,1,
5613,10403,1,
5614,60385,1,
5615,3077,1,
5616,119774,1,
5617,387264,1,1.0
5618,8521,1,
5619,644054,1,
5620,3029,1,
5621,80851,1,
5622,10411,1,
5623,93129,1,
5624,342979,1,1.0
5625,51375,1,1.0
5626,5054,1,1.0
5627,11193,1,1.0
5628,5046,1,
5629,653489,1,
5630,93185,1,
5631,5126,1,1.0
5632,3000,1,
5633,252983,1,
5634,283742,1,
5635,374897,1,
5636,1773,1,
5637,26747,1,
5638,1108,1,
5639,83416,1,
5640,11345,1,
5641,153328,1,
5642,283726,1,
5643,6657,1,
5644,51692,1,
5645,64579,1,
5646,126017,1,1.0
5647,343099,1,
5648,114822,1,
5649,7175,1,1.0
5650,4236,1,1.0
5651,3117,1,1.0
5652,55638,1,1.0
5653,2191,1,
5654,1060,1,
5655,10584,1,
5656,81285,1,
5657,219285,1,
5658,10846,1,
5659,2331,1,
5660,2199,1,
5661,340120,1,
5662,171023,1,
5663,80025,1,
5664,91408,1,
5665,79913,1,
5666,9496,1,
5667,126433,1,
5668,163778,1,
5669,50700,1,
5670,22944,1,
5671,22838,1,
5672,9793,1,1.0
5673,255488,1,
5674,284615,1,
5675,9575,1,1.0
5676,92105,1,1.0
5677,317,1,
5678,134637,1,1.0
5679,79819,1,
5680,54758,1,
5681,55614,1,
5682,9696,1,
5683,309,1,
5684,219960,1,
5685,2005,1,1.0
5686,9688,1,
5687,7639,1,
5688,85461,1,
5689,114131,1,1.0
5690,90070,1,
5691,26064,1,1.0
5692,284110,1,
5693,50636,1,1.0
5694,130507,1,
5695,286151,1,
5696,22982,1,
5697,10201,1,
5698,83901,1,1.0
5699,3605,1,
5700,163259,1,1.0
5701,51386,1,1.0
5702,440503,1,
5703,3685,1,
5704,65123,1,
5705,9824,1,1.0
5706,56927,1,
5707,5726,1,
5708,83548,1,
5709,80178,1,1.0
5710,9816,1,1.0
5711,347733,1,1.0
5712,56911,1,
5713,5710,1,
5714,3661,1,
5715,54363,1,
5716,55215,1,
5717,124857,1,
5718,89958,1,
5719,400966,1,
5720,3645,1,
5721,150160,1,
5722,54407,1,
5723,138799,1,
5724,100130742,1,
5725,163050,1,
5726,642597,1,1.0
5727,65059,1,1.0
5728,2356,1,
5729,9760,1,
5730,151613,1,1.0
5731,7703,1,
5732,10209,1,
5733,79290,1,1.0
5734,51239,1,1.0
5735,1340,1,
5736,389136,1,
5737,253970,1,1.0
5738,348180,1,
5739,5536,1,
5740,6401,1,
5741,84063,1,
5742,2071,1,1.0
5743,50508,1,1.0
5744,91464,1,
5745,129049,1,1.0
5746,55760,1,
5747,10739,1,1.0
5748,25920,1,
5749,644414,1,
5750,51524,1,
5751,2063,1,
5752,404785,1,
5753,9520,1,
5754,56623,1,
5755,5422,1,
5756,163115,1,1.0
5757,118812,1,
5758,51231,1,
5759,54566,1,
5760,389152,1,
5761,51027,1,
5762,325,1,
5763,90592,1,
5764,8226,1,1.0
5765,64795,1,
5766,146779,1,
5767,339976,1,
5768,9656,1,
5769,5518,1,
5770,84444,1,
5771,284086,1,1.0
5772,1460,1,
5773,26036,1,
5774,100507055,1,
5775,83696,1,1.0
5776,79843,1,
5777,9632,1,1.0
5778,6187,1,1.0
5779,149371,1,
5780,151871,1,1.0
5781,57326,1,1.0
5782,140688,1,
5783,26609,1,
5784,1420,1,1.0
5785,9568,1,
5786,161779,1,
5787,25992,1,
5788,5510,1,1.0
5789,90102,1,1.0
5790,100131137,1,
5791,100129271,1,1.0
5792,80194,1,1.0
5793,3445,1,
5794,126321,1,1.0
5795,4092,1,1.0
5796,55689,1,
5797,10243,1,1.0
5798,55301,1,1.0
5799,158131,1,1.0
5800,9911,1,
5801,9903,1,
5802,9238,1,1.0
5803,10174,1,1.0
5804,27286,1,
5805,58155,1,1.0
5806,1962,1,1.0
5807,79788,1,
5808,55280,1,
5809,84034,1,
5810,153020,1,1.0
5811,10294,1,
5812,120776,1,
5813,26574,1,
5814,55248,1,
5815,51309,1,
5816,4051,1,
5817,59350,1,1.0
5818,3080,1,1.0
5819,26058,1,1.0
5820,79772,1,
5821,51098,1,
5822,389015,1,1.0
5823,93643,1,
5824,9682,1,
5825,8778,1,
5826,83850,1,1.0
5827,8073,1,
5828,157574,1,
5829,57217,1,
5830,79657,1,1.0
5831,79740,1,
5832,3543,1,1.0
5833,51066,1,1.0
5834,55160,1,
5835,8153,1,
5836,116150,1,1.0
5837,286133,1,1.0
5838,284680,1,
5839,4145,1,
5840,114049,1,
5841,43,1,
5842,221223,1,
5843,285672,1,
5844,51234,1,
5845,347527,1,
5846,391211,1,
5847,7565,1,
5848,6477,1,
5849,23150,1,
5850,54676,1,
5851,79884,1,
5852,26010,1,
5853,5532,1,
5854,9585,1,
5855,7581,1,
5856,79876,1,
5857,85407,1,
5858,389119,1,1.0
5859,90379,1,1.0
5860,25884,1,
5861,128371,1,
5862,55288,1,
5863,146802,1,
5864,51773,1,
5865,2026,1,
5866,10214,1,1.0
5867,79844,1,
5868,2018,1,
5869,124790,1,
5870,3428,1,1.0
5871,401265,1,
5872,3843,1,
5873,10014,1,
5874,89782,1,
5875,642843,1,
5876,5912,1,
5877,10006,1,
5878,8943,1,
5879,253461,1,
5880,57105,1,
5881,1558,1,
5882,9754,1,
5883,57097,1,1.0
5884,54812,1,1.0
5885,8531,1,
5886,6847,1,1.0
5887,83714,1,
5888,57121,1,1.0
5889,89857,1,1.0
5890,5888,1,
5891,115361,1,
5892,79612,1,1.0
5893,1786,1,
5894,148345,1,
5895,2692,1,
5896,83882,1,1.0
5897,3827,1,
5898,6790,1,
5899,5019,1,
5900,55024,1,1.0
5901,1997,1,
5902,386679,1,
5903,55072,1,1.0
5904,26130,1,
5905,79724,1,
5906,55112,1,
5907,51050,1,
5908,3486,1,
5909,159195,1,1.0
5910,442213,1,
5911,9731,1,
5912,343521,1,1.0
5913,387712,1,1.0
5914,388951,1,
5915,222698,1,
5916,26608,1,
5917,26098,1,
5918,200523,1,
5919,345930,1,
5920,57161,1,
5921,8569,1,
5922,5928,1,
5923,3575,1,1.0
5924,390980,1,1.0
5925,9722,1,1.0
5926,9730,1,1.0
5927,8833,1,1.0
5928,7993,1,1.0
5929,9738,1,
5930,3891,1,1.0
5931,7693,1,1.0
5932,26333,1,1.0
5933,1215,1,
5934,200765,1,
5935,3883,1,1.0
5936,1834,1,
5937,56257,1,
5938,150350,1,
5939,55664,1,
5940,128387,1,
5941,4361,1,
5942,54596,1,
5943,55568,1,
5944,2322,1,
5945,388419,1,
5946,79168,1,
5947,9249,1,
5948,10302,1,
5949,9530,1,1.0
5950,114971,1,
5951,10526,1,
5952,8479,1,
5953,30008,1,
5954,653604,1,
5955,64098,1,
5956,259,1,
5957,2306,1,1.0
5958,6400,1,
5959,8447,1,
5960,80124,1,
5961,251,1,1.0
5962,6392,1,
5963,159989,1,
5964,157570,1,
5965,4337,1,1.0
5966,7979,1,
5967,9601,1,
5968,51283,1,
5969,51426,1,
5970,4321,1,
5971,57559,1,
5972,28965,1,
5973,388403,1,
5974,90407,1,
5975,84298,1,
5976,158062,1,1.0
5977,55559,1,
5978,22888,1,
5979,10412,1,1.0
5980,54801,1,1.0
5981,347,1,1.0
5982,22872,1,1.0
5983,25890,1,1.0
5984,6527,1,
5985,51538,1,1.0
5986,6480,1,
5987,5412,1,1.0
5988,80204,1,1.0
5989,51194,1,1.0
5990,527,1,1.0
5991,2939,1,1.0
5992,5420,1,
5993,219287,1,
5994,51804,1,
5995,10558,1,
5996,28989,1,1.0
5997,51514,1,
5998,6456,1,1.0
5999,1326,1,
6000,90527,1,
6001,3375,1,
6002,55902,1,1.0
6003,57647,1,
6004,389421,1,
6005,2346,1,1.0
6006,347516,1,
6007,8572,1,
6008,114899,1,
6009,25962,1,
6010,57471,1,
6011,26750,1,1.0
6012,25977,1,
6013,4217,1,
6014,90231,1,
6015,22995,1,
6016,8351,1,
6017,374900,1,
6018,115,1,
6019,2162,1,
6020,4209,1,
6021,6256,1,
6022,92270,1,
6023,114795,1,
6024,64881,1,
6025,9570,1,
6026,10856,1,
6027,400757,1,
6028,114787,1,
6029,7542,1,
6030,25978,1,
6031,91,1,
6032,84058,1,
6033,4185,1,
6034,90199,1,
6035,22891,1,
6036,9922,1,
6037,286077,1,
6038,3455,1,
6039,2114,1,
6040,57176,1,
6041,6554,1,
6042,2258,1,
6043,51378,1,
6044,221391,1,
6045,10446,1,1.0
6046,2521,1,
6047,2250,1,
6048,154214,1,
6049,10438,1,
6050,25938,1,
6051,2242,1,
6052,4289,1,
6053,57535,1,
6054,187,1,
6055,128344,1,
6056,25946,1,
6057,92342,1,
6058,8367,1,
6059,114827,1,
6060,2326,1,
6061,142683,1,
6062,4257,1,
6063,139562,1,
6064,256158,1,
6065,54620,1,
6066,155,1,
6067,6296,1,
6068,57495,1,
6069,10390,1,
6070,3423,1,
6071,147,1,
6072,2194,1,
6073,143501,1,
6074,79596,1,
6075,9569,1,
6076,126695,1,
6077,5408,1,
6078,51550,1,
6079,64789,1,
6080,3791,1,
6081,54552,1,
6082,5836,1,
6083,7471,1,
6084,10912,1,
6085,222950,1,
6086,3363,1,
6087,79140,1,
6088,100652740,1,
6089,157378,1,
6090,7869,1,
6091,284348,1,1.0
6092,147658,1,1.0
6093,9938,1,1.0
6094,10321,1,
6095,57045,1,1.0
6096,7433,1,1.0
6097,1750,1,
6098,9470,1,1.0
6099,9462,1,
6100,221074,1,
6101,79092,1,1.0
6102,79085,1,
6103,124773,1,
6104,79576,1,
6105,26338,1,
6106,150763,1,
6107,55012,1,
6108,9452,1,
6109,79156,1,
6110,122970,1,
6111,7481,1,
6112,26246,1,
6113,1418,1,
6114,91526,1,
6115,6770,1,
6116,646851,1,
6117,3459,1,
6118,84636,1,1.0
6119,23031,1,
6120,57140,1,
6121,81577,1,
6122,79742,1,
6123,128372,1,
6124,85363,1,
6125,1394,1,1.0
6126,50862,1,
6127,55966,1,
6128,388795,1,
6129,376497,1,
6130,58504,1,
6131,5464,1,
6132,339287,1,
6133,50514,1,
6134,91860,1,
6135,81494,1,
6136,26290,1,
6137,56649,1,
6138,25926,1,
6139,64837,1,
6140,165186,1,
6141,9534,1,
6142,54897,1,
6143,54504,1,
6144,340419,1,
6145,79068,1,
6146,23625,1,1.0
6147,7941,1,
6148,1798,1,
6149,5900,1,
6150,388199,1,
6151,23649,1,
6152,28514,1,
6153,3163,1,
6154,160419,1,
6155,3855,1,
6156,162282,1,
6157,79632,1,
6158,7249,1,
6159,26050,1,
6160,6491,1,
6161,644168,1,
6162,392309,1,
6163,100131902,1,
6164,57109,1,
6165,7225,1,
6166,1814,1,
6167,441476,1,
6168,23601,1,
6169,255022,1,
6170,10488,1,1.0
6171,23593,1,
6172,388135,1,
6173,441381,1,
6174,5152,1,
6175,6975,1,
6176,10010,1,
6177,1138,1,
6178,9334,1,
6179,26032,1,
6180,7337,1,
6181,23769,1,
6182,57094,1,
6183,3283,1,
6184,3221,1,
6185,51440,1,1.0
6186,3275,1,
6187,56521,1,1.0
6188,9962,1,1.0
6189,9406,1,
6190,7917,1,
6191,54456,1,
6192,25782,1,
6193,23729,1,1.0
6194,5296,1,
6195,222962,1,
6196,5892,1,
6197,81061,1,
6198,79012,1,
6199,89845,1,
6200,7329,1,
6201,25758,1,
6202,79004,1,
6203,23705,1,1.0
6204,29844,1,
6205,9683,1,
6206,2875,1,
6207,79368,1,
6208,7283,1,
6209,9350,1,
6210,81029,1,
6211,3467,1,
6212,25998,1,
6213,203413,1,
6214,56917,1,
6215,53407,1,
6216,54928,1,
6217,1674,1,
6218,29925,1,
6219,9810,1,
6220,26238,1,
6221,3707,1,
6222,54904,1,
6223,54868,1,
6224,3699,1,
6225,56945,1,
6226,3691,1,
6227,1642,1,
6228,65125,1,
6229,3671,1,1.0
6230,22908,1,
6231,26206,1,
6232,81501,1,
6233,54876,1,
6234,5691,1,1.0
6235,7769,1,
6236,56925,1,
6237,9814,1,
6238,3679,1,1.0
6239,3667,1,
6240,83538,1,
6241,56913,1,1.0
6242,57493,1,
6243,9806,1,
6244,55589,1,
6245,5784,1,
6246,165530,1,
6247,56905,1,
6248,388799,1,
6249,5676,1,1.0
6250,55008,1,
6251,9950,1,
6252,728621,1,1.0
6253,3795,1,1.0
6254,9934,1,
6255,54206,1,
6256,219621,1,1.0
6257,89801,1,1.0
6258,341568,1,
6259,10888,1,1.0
6260,389072,1,
6261,56670,1,1.0
6262,54976,1,1.0
6263,5700,1,1.0
6264,23436,1,
6265,439996,1,
6266,254240,1,
6267,3763,1,
6268,6509,1,
6269,7857,1,
6270,6640,1,
6271,222894,1,
6272,54014,1,
6273,1606,1,
6274,9894,1,
6275,26165,1,
6276,6530,1,
6277,256148,1,
6278,26270,1,
6279,261729,1,
6280,257160,1,
6281,7569,1,
6282,50618,1,
6283,79324,1,
6284,79707,1,
6285,50650,1,
6286,131566,1,
6287,81553,1,
6288,5584,1,
6289,9678,1,
6290,85451,1,
6291,56981,1,1.0
6292,57730,1,
6293,26000,1,
6294,50626,1,
6295,5568,1,1.0
6296,3735,1,1.0
6297,9882,1,1.0
6298,26278,1,
6299,5788,1,1.0
6300,26030,1,
6301,146861,1,1.0
6302,642475,1,
6303,116138,1,1.0
6304,7593,1,
6305,5544,1,1.0
6306,286365,1,
6307,50846,1,
6308,23200,1,
6309,3743,1,
6310,400793,1,1.0
6311,5528,1,
6312,3475,1,
6313,146909,1,
6314,93663,1,
6315,3651,1,
6316,56957,1,
6317,7781,1,
6318,1638,1,
6319,1594,1,
6320,58986,1,
6321,3635,1,
6322,1586,1,
6323,155185,1,1.0
6324,54832,1,
6325,337876,1,
6326,54900,1,1.0
6327,403273,1,
6328,5672,1,1.0
6329,56949,1,
6330,5756,1,
6331,1562,1,1.0
6332,57167,1,1.0
6333,54800,1,
6334,50814,1,1.0
6335,142680,1,1.0
6336,54662,1,
6337,81537,1,
6338,9858,1,
6339,54916,1,
6340,5624,1,
6341,56965,1,
6342,219699,1,
6343,4751,1,
6344,5608,1,
6345,7265,1,
6346,1506,1,
6347,57711,1,
6348,57579,1,
6349,6885,1,
6350,7376,1,
6351,7360,1,
6352,64708,1,
6353,23038,1,
6354,7368,1,
6355,509,1,
6356,9423,1,1.0
6357,894,1,
6358,4591,1,
6359,29909,1,
6360,85444,1,
6361,3290,1,
6362,23405,1,
6363,54497,1,
6364,128229,1,
6365,79037,1,
6366,54457,1,
6367,120775,1,
6368,8379,1,
6369,83650,1,
6370,11155,1,
6371,5567,1,
6372,7336,1,
6373,121601,1,
6374,113828,1,
6375,2150,1,1.0
6376,3234,1,
6377,25759,1,
6378,4632,1,
6379,199834,1,
6380,5273,1,
6381,23704,1,
6382,152330,1,
6383,23784,1,
6384,9066,1,
6385,11099,1,1.0
6386,8689,1,
6387,390445,1,
6388,342865,1,
6389,124599,1,1.0
6390,1315,1,1.0
6391,3362,1,
6392,7456,1,1.0
6393,152404,1,
6394,3354,1,
6395,7448,1,
6396,9495,1,
6397,1299,1,
6398,3346,1,
6399,84823,1,
6400,57569,1,1.0
6401,285429,1,1.0
6402,3338,1,1.0
6403,54537,1,1.0
6404,7432,1,
6405,79109,1,1.0
6406,120065,1,1.0
6407,103910,1,1.0
6408,9058,1,
6409,79101,1,
6410,11107,1,
6411,2548,1,
6412,105,1,
6413,2919,1,
6414,7408,1,
6415,7264,1,
6416,5265,1,
6417,8705,1,
6418,2983,1,
6419,389643,1,1.0
6420,7216,1,
6421,222255,1,
6422,5161,1,1.0
6423,166863,1,1.0
6424,257062,1,
6425,9170,1,
6426,256979,1,
6427,1051,1,
6428,5137,1,
6429,171024,1,
6430,119764,1,
6431,90987,1,1.0
6432,84951,1,
6433,285704,1,
6434,93190,1,
6435,342538,1,
6436,3074,1,
6437,138240,1,
6438,9215,1,
6439,256987,1,
6440,119772,1,
6441,23517,1,1.0
6442,317772,1,1.0
6443,6900,1,1.0
6444,64946,1,
6445,23536,1,
6446,402415,1,1.0
6447,93166,1,
6448,140258,1,1.0
6449,11235,1,1.0
6450,5169,1,
6451,84944,1,
6452,219844,1,
6453,3170,1,1.0
6454,3614,1,
6455,11179,1,1.0
6456,7701,1,1.0
6457,9343,1,
6458,50613,1,
6459,338440,1,
6460,166785,1,
6461,51305,1,
6462,132203,1,
6463,84911,1,
6464,7272,1,
6465,9319,1,
6466,259173,1,
6467,115811,1,
6468,390064,1,1.0
6469,11318,1,1.0
6470,3508,1,
6471,6731,1,
6472,54361,1,
6473,56245,1,
6474,1107,1,
6475,23632,1,
6476,5052,1,1.0
6477,158798,1,1.0
6478,9154,1,
6479,404550,1,
6480,144453,1,1.0
6481,56261,1,
6482,6869,1,
6483,9271,1,
6484,56624,1,
6485,84807,1,
6486,1421,1,
6487,23271,1,
6488,6547,1,
6489,56896,1,
6490,54849,1,
6491,5705,1,1.0
6492,3658,1,
6493,1611,1,1.0
6494,203238,1,
6495,54585,1,
6496,6909,1,
6497,643836,1,1.0
6498,347730,1,
6499,83539,1,1.0
6500,90874,1,
6501,3674,1,
6502,3663,1,
6503,9524,1,1.0
6504,1493,1,
6505,345651,1,1.0
6506,348932,1,
6507,8505,1,1.0
6508,55973,1,1.0
6509,7712,1,1.0
6510,9759,1,1.0
6511,54809,1,1.0
6512,51574,1,
6513,11019,1,
6514,135948,1,
6515,56848,1,1.0
6516,9743,1,
6517,85460,1,1.0
6518,284001,1,1.0
6519,7006,1,
6520,9823,1,
6521,7776,1,1.0
6522,51684,1,1.0
6523,9895,1,
6524,56992,1,
6525,91807,1,1.0
6526,8938,1,1.0
6527,54937,1,1.0
6528,7832,1,1.0
6529,84455,1,1.0
6530,81556,1,1.0
6531,7638,1,
6532,5777,1,
6533,55275,1,
6534,9871,1,1.0
6535,83595,1,1.0
6536,148206,1,1.0
6537,3714,1,
6538,3682,1,1.0
6539,401024,1,
6540,135924,1,
6541,353132,1,1.0
6542,27037,1,
6543,26231,1,1.0
6544,6901,1,
6545,5745,1,
6546,56944,1,1.0
6547,166647,1,1.0
6548,1643,1,1.0
6549,841,1,1.0
6550,5737,1,1.0
6551,400954,1,
6552,57502,1,
6553,79365,1,
6554,51202,1,1.0
6555,91647,1,1.0
6556,1387,1,1.0
6557,64924,1,
6558,493,1,1.0
6559,23349,1,
6560,54681,1,1.0
6561,5583,1,1.0
6562,254778,1,
6563,81300,1,1.0
6564,9615,1,1.0
6565,3135,1,
6566,27032,1,
6567,126326,1,
6568,9646,1,
6569,830,1,1.0
6570,117248,1,
6571,25959,1,1.0
6572,26291,1,1.0
6573,54625,1,1.0
6574,9026,1,
6575,7512,1,1.0
6576,11075,1,
6577,50515,1,
6578,283985,1,
6579,56656,1,1.0
6580,50507,1,
6581,200010,1,1.0
6582,5449,1,
6583,9543,1,
6584,79173,1,1.0
6585,9535,1,1.0
6586,838,1,1.0
6587,2863,1,
6588,5537,1,
6589,64978,1,
6590,7665,1,
6591,5625,1,
6592,26103,1,
6593,8986,1,
6594,4892,1,1.0
6595,3570,1,1.0
6596,5617,1,1.0
6597,377630,1,1.0
6598,84767,1,
6599,54929,1,
6600,5609,1,
6601,140775,1,
6602,161253,1,
6603,284129,1,
6604,84775,1,1.0
6605,388566,1,1.0
6606,3490,1,
6607,79317,1,1.0
6608,55030,1,1.0
6609,1491,1,
6610,85458,1,
6611,26063,1,
6612,388558,1,
6613,4908,1,
6614,222663,1,1.0
6615,85442,1,
6616,814,1,
6617,26039,1,
6618,1459,1,
6619,9647,1,
6620,126382,1,
6621,23528,1,1.0
6622,63939,1,
6623,54760,1,
6624,3239,1,
6625,162993,1,
6626,4665,1,
6627,571,1,
6628,27198,1,
6629,8767,1,1.0
6630,25770,1,
6631,113220,1,
6632,10768,1,
6633,6916,1,
6634,64066,1,
6635,341152,1,1.0
6636,2634,1,
6637,587,1,
6638,222662,1,1.0
6639,2615,1,
6640,25778,1,1.0
6641,563,1,
6642,339123,1,
6643,8751,1,
6644,51754,1,
6645,5300,1,
6646,26009,1,
6647,9654,1,
6648,29888,1,
6649,4641,1,
6650,7365,1,1.0
6651,8735,1,1.0
6652,79048,1,
6653,91433,1,1.0
6654,7072,1,
6655,375316,1,
6656,284325,1,
6657,5276,1,1.0
6658,6441,1,
6659,152185,1,
6660,10972,1,1.0
6661,158358,1,
6662,84626,1,
6663,23184,1,1.0
6664,651,1,1.0
6665,84618,1,
6666,23677,1,
6667,387640,1,
6668,8839,1,1.0
6669,256646,1,
6670,643,1,
6671,57586,1,1.0
6672,56853,1,
6673,10878,1,
6674,343169,1,
6675,100101267,1,
6676,64116,1,
6677,5252,1,
6678,9489,1,
6679,387694,1,
6680,3484,1,
6681,4671,1,
6682,64100,1,
6683,81033,1,
6684,23136,1,
6685,57221,1,
6686,64092,1,
6687,23604,1,1.0
6688,93323,1,
6689,92736,1,
6690,4625,1,
6691,205327,1,
6692,10766,1,
6693,55704,1,
6694,1278,1,
6695,80313,1,
6696,80308,1,
6697,51634,1,1.0
6698,30832,1,
6699,389549,1,
6700,63916,1,1.0
6701,51626,1,
6702,64769,1,
6703,419,1,1.0
6704,54532,1,
6705,10840,1,
6706,6560,1,
6707,8607,1,1.0
6708,54540,1,1.0
6709,402682,1,1.0
6710,133522,1,1.0
6711,64090,1,
6712,27022,1,1.0
6713,395,1,1.0
6714,29968,1,
6715,22920,1,
6716,10630,1,1.0
6717,63876,1,
6718,51586,1,1.0
6719,10945,1,
6720,379,1,
6721,7455,1,1.0
6722,5396,1,
6723,3300,1,1.0
6724,29117,1,
6725,54516,1,1.0
6726,523,1,
6727,3084,1,
6728,2570,1,
6729,6664,1,
6730,57863,1,
6731,275,1,1.0
6732,440836,1,1.0
6733,515,1,1.0
6734,285025,1,
6735,55808,1,
6736,27134,1,
6737,221504,1,1.0
6738,341208,1,
6739,5965,1,
6740,131669,1,
6741,259296,1,
6742,491,1,
6743,80324,1,
6744,84458,1,
6745,100287718,1,
6746,55784,1,
6747,79080,1,
6748,25834,1,
6749,28990,1,
6750,139735,1,
6751,7405,1,
6752,51666,1,
6753,5519,1,
6754,79088,1,
6755,63948,1,
6756,221037,1,1.0
6757,8647,1,
6758,23192,1,
6759,9338,1,
6760,10910,1,1.0
6761,125963,1,
6762,7064,1,
6763,915,1,
6764,23440,1,1.0
6765,221393,1,
6766,23432,1,
6767,113540,1,
6768,7173,1,
6769,58503,1,1.0
6770,23424,1,1.0
6771,84858,1,
6772,883,1,
6773,353135,1,
6774,619373,1,
6775,23532,1,
6776,55998,1,
6777,25829,1,
6778,867,1,1.0
6779,2914,1,
6780,400224,1,
6781,2588,1,
6782,7181,1,1.0
6783,1038,1,
6784,5304,1,
6785,375323,1,
6786,23376,1,
6787,221960,1,
6788,730130,1,
6789,5140,1,1.0
6790,390168,1,1.0
6791,2882,1,
6792,201625,1,1.0
6793,283652,1,
6794,57577,1,1.0
6795,84938,1,1.0
6796,9183,1,
6797,11230,1,
6798,987,1,
6799,92241,1,
6800,5081,1,
6801,9175,1,1.0
6802,11222,1,
6803,125931,1,
6804,4782,1,
6805,2580,1,
6806,9167,1,
6807,9649,1,
6808,285498,1,
6809,3024,1,
6810,222194,1,
6811,11267,1,
6812,11251,1,1.0
6813,84930,1,1.0
6814,81566,1,
6815,11198,1,
6816,390077,1,
6817,5108,1,
6818,84922,1,
6819,8729,1,
6820,90529,1,1.0
6821,353274,1,1.0
6822,390061,1,
6823,11259,1,
6824,390144,1,
6825,9218,1,
6826,23360,1,
6827,23078,1,
6828,390264,1,
6829,285335,1,1.0
6830,352999,1,1.0
6831,23637,1,
6832,23264,1,1.0
6833,79152,1,1.0
6834,64220,1,
6835,9306,1,
6836,9314,1,
6837,10966,1,
6838,58484,1,
6839,283748,1,
6840,138046,1,1.0
6841,715,1,
6842,221895,1,
6843,256710,1,
6844,7866,1,
6845,1445,1,
6846,8895,1,
6847,2746,1,1.0
6848,146850,1,
6849,389813,1,
6850,134430,1,1.0
6851,84658,1,
6852,124274,1,
6853,6832,1,
6854,387758,1,1.0
6855,683,1,
6856,1142,1,
6857,27302,1,
6858,283297,1,
6859,139599,1,
6860,25807,1,1.0
6861,64236,1,
6862,154661,1,1.0
6863,200403,1,
6864,10246,1,
6865,221823,1,
6866,81693,1,1.0
6867,79897,1,
6868,23597,1,
6869,254879,1,1.0
6870,8999,1,1.0
6871,1070,1,
6872,220213,1,1.0
6873,8991,1,
6874,148811,1,1.0
6875,9274,1,1.0
6876,4889,1,
6877,285464,1,
6878,492307,1,
6879,9187,1,
6880,29969,1,
6881,54033,1,
6882,155054,1,
6883,91746,1,
6884,64577,1,
6885,1453,1,1.0
6886,23304,1,
6887,2810,1,1.0
6888,4857,1,
6889,51265,1,
6890,10998,1,1.0
6891,2802,1,1.0
6892,4849,1,
6893,5188,1,
6894,55755,1,
