,Entrez_Gene_Id,counts,Perc_Bi_Allelic,Density
0,4585.0,26.0,0.0,234.3
1,85319.0,13.0,0.0,0.2
2,8314.0,13.0,0.0,
3,55193.0,11.0,0.0,
4,56776.0,10.0,0.0,292.2
5,7273.0,9.0,0.0,1011.3
6,7157.0,8.0,0.0,1549.5
7,727897.0,8.0,0.0,
8,400986.0,7.0,0.0,
9,3064.0,7.0,0.0,886.6
10,23049.0,7.0,0.0,662.6
11,3417.0,7.0,0.0,
12,4513.0,7.0,0.0,
13,84059.0,7.0,0.0,171.1
14,9554.0,6.0,0.0,
15,1767.0,6.0,0.0,610.5
16,2874.0,6.0,0.0,
17,23637.0,6.0,0.0,
18,8289.0,6.0,0.0,
19,94025.0,6.0,0.0,14.2
20,170685.0,6.0,0.0,
21,58508.0,6.0,0.0,105.7
22,3709.0,6.0,0.0,1229.1
23,388468.0,6.0,0.0,
24,213.0,5.0,0.0,322.1
25,4512.0,5.0,0.0,
26,8777.0,5.0,0.0,473.3
27,1969.0,5.0,0.0,
28,51585.0,5.0,0.0,
29,2201.0,5.0,0.0,256.0
30,114780.0,5.0,0.0,163.1
31,4300.0,5.0,0.0,411.1
32,84162.0,5.0,0.0,
33,6261.0,5.0,0.0,559.8
34,121256.0,5.0,0.0,
35,4076.0,5.0,0.0,
36,100132406.0,5.0,0.0,
37,2263.0,5.0,0.0,1214.0
38,375616.0,4.0,0.0,
39,57451.0,4.0,0.0,21.0
40,338.0,4.0,0.0,1177.0
41,7179.0,4.0,0.0,
42,51540.0,4.0,0.0,
43,286.0,4.0,0.0,437.9
44,26579.0,4.0,0.0,
45,5255.0,4.0,0.0,337.2
46,1643.0,4.0,0.0,
47,55781.0,4.0,0.0,1065.4
48,375449.0,4.0,0.0,131.4
49,4519.0,4.0,0.0,
50,53834.0,4.0,0.0,
51,23095.0,4.0,0.0,695.2
52,8563.0,4.0,0.0,250.5
53,8736.0,4.0,0.0,104.5
54,8545.0,4.0,0.0,
55,23357.0,4.0,0.0,
56,4478.0,4.0,0.0,
57,27445.0,4.0,0.0,
58,8467.0,4.0,0.0,1243.6
59,11085.0,4.0,0.0,
60,1663.0,4.0,0.0,761.0
61,4811.0,4.0,0.0,
62,6712.0,4.0,0.0,521.1
63,472.0,4.0,0.0,804.8
64,79026.0,4.0,0.0,344.8
65,154664.0,4.0,0.0,0.1
66,10307.0,4.0,0.0,
67,9500.0,4.0,0.0,530.4
68,777.0,4.0,0.0,972.9
69,4040.0,4.0,0.0,
70,3909.0,4.0,0.0,401.2
71,163227.0,4.0,0.0,
72,57448.0,4.0,0.0,386.3
73,51050.0,4.0,0.0,
74,1769.0,4.0,0.0,39.8
75,1999.0,4.0,0.0,
76,4100.0,4.0,0.0,158.7
77,197131.0,4.0,0.0,586.6
78,127731.0,4.0,0.0,
79,2195.0,4.0,0.0,582.5
80,2898.0,4.0,0.0,
81,8239.0,4.0,0.0,458.2
82,607.0,4.0,0.0,409.3
83,25850.0,4.0,0.0,
84,91584.0,4.0,0.0,76.8
85,9790.0,4.0,0.0,993.5
86,4882.0,3.0,0.0,
87,778.0,3.0,0.0,
88,54880.0,3.0,0.0,326.1
89,55578.0,3.0,0.0,131.0
90,4916.0,3.0,0.0,
91,4920.0,3.0,0.0,
92,26060.0,3.0,0.0,
93,8495.0,3.0,0.0,
94,8715.0,3.0,0.0,
95,203054.0,3.0,0.0,
96,1129.0,3.0,0.0,
97,9909.0,3.0,0.0,
98,2734.0,3.0,0.0,261.9
99,1496.0,3.0,0.0,673.0
100,55636.0,3.0,0.0,
101,1612.0,3.0,0.0,698.7
102,55917.0,3.0,0.0,
103,7791.0,3.0,0.0,
104,375248.0,3.0,0.0,41.0
105,22936.0,3.0,0.0,
106,6550.0,3.0,0.0,
107,84364.0,3.0,0.0,
108,9947.0,3.0,0.0,126.4
109,79572.0,3.0,0.0,
110,25925.0,3.0,0.0,
111,718.0,3.0,0.0,372.1
112,118427.0,3.0,0.0,
113,5727.0,3.0,0.0,1078.3
114,54768.0,3.0,0.0,
115,29015.0,3.0,0.0,
116,10580.0,3.0,0.0,
117,285175.0,3.0,0.0,
118,54537.0,3.0,0.0,333.5
119,9877.0,3.0,0.0,785.2
120,4541.0,3.0,0.0,
121,9817.0,3.0,0.0,258.9
122,9230.0,3.0,0.0,
123,126206.0,3.0,0.0,49.2
124,254065.0,3.0,0.0,
125,169044.0,3.0,0.0,
126,64843.0,3.0,0.0,
127,221037.0,3.0,0.0,879.9
128,3155.0,3.0,0.0,
129,286262.0,3.0,0.0,
130,5936.0,3.0,0.0,
131,126205.0,3.0,0.0,49.7
132,2064.0,3.0,0.0,
133,124602.0,3.0,0.0,404.0
134,161436.0,3.0,0.0,
135,5290.0,3.0,0.0,1035.3
136,7343.0,3.0,0.0,
137,389690.0,3.0,0.0,
138,3326.0,3.0,0.0,
139,6334.0,3.0,0.0,
140,7511.0,3.0,0.0,
141,7738.0,3.0,0.0,
142,93035.0,3.0,0.0,291.8
143,80230.0,3.0,0.0,
144,10178.0,3.0,0.0,58.7
145,23451.0,3.0,0.0,1268.9
146,4311.0,3.0,0.0,
147,91894.0,3.0,0.0,
148,1794.0,3.0,0.0,1021.1
149,7450.0,3.0,0.0,685.6
150,23499.0,3.0,0.0,993.0
151,3845.0,3.0,0.0,1794.8
152,9618.0,3.0,0.0,
153,116986.0,3.0,0.0,
154,4301.0,3.0,0.0,778.7
155,125931.0,3.0,0.0,
156,1012.0,3.0,0.0,
157,65980.0,3.0,0.0,
158,1289.0,3.0,0.0,620.9
159,23503.0,3.0,0.0,44.0
160,3667.0,3.0,0.0,988.3
161,84033.0,3.0,0.0,189.8
162,23304.0,3.0,0.0,
163,63827.0,3.0,0.0,
164,4683.0,3.0,0.0,621.8
165,84467.0,3.0,0.0,114.9
166,6299.0,3.0,0.0,702.5
167,7837.0,3.0,0.0,
168,414189.0,3.0,0.0,
169,4649.0,3.0,0.0,1093.4
170,7048.0,3.0,0.0,
171,10347.0,3.0,0.0,23.3
172,79990.0,3.0,0.0,134.6
173,440435.0,3.0,0.0,83.7
174,8867.0,3.0,0.0,
175,186.0,3.0,0.0,
176,27252.0,3.0,0.0,
177,79671.0,3.0,0.0,9.9
178,137970.0,3.0,0.0,
179,6239.0,3.0,0.0,323.9
180,254048.0,3.0,0.0,
181,147798.0,3.0,0.0,89.9
182,114786.0,3.0,0.0,
183,10299.0,3.0,0.0,219.9
184,6523.0,3.0,0.0,
185,3856.0,3.0,0.0,
186,6197.0,3.0,0.0,
187,602.0,3.0,0.0,
188,64410.0,3.0,0.0,
189,55086.0,3.0,0.0,
190,114784.0,3.0,0.0,140.9
191,2742.0,3.0,0.0,
192,11200.0,3.0,0.0,1392.8
193,283489.0,3.0,0.0,
194,342850.0,3.0,0.0,
195,5015.0,3.0,0.0,
196,170690.0,3.0,0.0,135.8
197,57492.0,3.0,0.0,796.8
198,55339.0,3.0,0.0,524.2
199,287.0,3.0,0.0,1002.1
200,653857.0,3.0,0.0,
201,5099.0,3.0,0.0,
202,64434.0,3.0,0.0,153.5
203,89790.0,3.0,0.0,
204,5903.0,3.0,0.0,1015.5
205,4538.0,3.0,0.0,
206,728927.0,2.0,0.0,
207,3927.0,2.0,0.0,
208,23294.0,2.0,0.0,401.1
209,196441.0,2.0,0.0,
210,765.0,2.0,0.0,
211,56884.0,2.0,0.0,
212,6900.0,2.0,0.0,
213,10072.0,2.0,0.0,441.0
214,55718.0,2.0,0.0,
215,162540.0,2.0,0.0,81.5
216,79745.0,2.0,0.0,
217,339967.0,2.0,0.0,
218,1856.0,2.0,0.0,977.8
219,10216.0,2.0,0.0,
220,2006.0,2.0,0.0,
221,79828.0,2.0,0.0,
222,2000.0,2.0,0.0,499.4
223,79822.0,2.0,0.0,
224,4035.0,2.0,0.0,1088.9
225,57453.0,2.0,0.0,364.0
226,552889.0,2.0,0.0,
227,84696.0,2.0,0.0,
228,79798.0,2.0,0.0,
229,2778.0,2.0,0.0,811.9
230,7051.0,2.0,0.0,
231,219874.0,2.0,0.0,
232,1956.0,2.0,0.0,1815.6
233,51104.0,2.0,0.0,
234,57231.0,2.0,0.0,
235,51086.0,2.0,0.0,
236,6794.0,2.0,0.0,
237,157855.0,2.0,0.0,
238,8933.0,2.0,0.0,
239,259290.0,2.0,0.0,
240,55106.0,2.0,0.0,
241,64324.0,2.0,0.0,320.2
242,57577.0,2.0,0.0,
243,3791.0,2.0,0.0,1030.8
244,54988.0,2.0,0.0,
245,89797.0,2.0,0.0,670.0
246,123970.0,2.0,0.0,
247,5796.0,2.0,0.0,
248,5792.0,2.0,0.0,
249,6447.0,2.0,0.0,
250,23360.0,2.0,0.0,
251,133688.0,2.0,0.0,
252,84306.0,2.0,0.0,
253,3713.0,2.0,0.0,
254,11100.0,2.0,0.0,
255,4957.0,2.0,0.0,
256,253559.0,2.0,0.0,
257,23390.0,2.0,0.0,
258,367.0,2.0,0.0,
259,54892.0,2.0,0.0,814.7
260,3691.0,2.0,0.0,
261,65125.0,2.0,0.0,
262,2876.0,2.0,0.0,
263,54101.0,2.0,0.0,
264,1756.0,2.0,0.0,
265,27020.0,2.0,0.0,
266,7993.0,2.0,0.0,
267,94005.0,2.0,0.0,
268,1215.0,2.0,0.0,
269,2868.0,2.0,0.0,526.3
270,55084.0,2.0,0.0,
271,22862.0,2.0,0.0,
272,1826.0,2.0,0.0,304.3
273,1812.0,2.0,0.0,
274,79632.0,2.0,0.0,
275,9990.0,2.0,0.0,189.3
276,4893.0,2.0,0.0,1736.6
277,799.0,2.0,0.0,454.8
278,4841.0,2.0,0.0,
279,78999.0,2.0,0.0,
280,131873.0,2.0,0.0,
281,1768.0,2.0,0.0,
282,9321.0,2.0,0.0,246.7
283,155038.0,2.0,0.0,287.0
284,26048.0,2.0,0.0,
285,23670.0,2.0,0.0,32.9
286,5775.0,2.0,0.0,379.0
287,56886.0,2.0,0.0,
288,203430.0,2.0,0.0,
289,113146.0,2.0,0.0,
290,10752.0,2.0,0.0,
291,55622.0,2.0,0.0,907.9
292,54020.0,2.0,0.0,
293,317.0,2.0,0.0,251.4
294,55612.0,2.0,0.0,426.1
295,22836.0,2.0,0.0,
296,340481.0,2.0,0.0,
297,2562.0,2.0,0.0,759.2
298,23054.0,2.0,0.0,512.6
299,8725.0,2.0,0.0,
300,51085.0,2.0,0.0,
301,8729.0,2.0,0.0,1051.5
302,10780.0,2.0,0.0,504.4
303,123169.0,2.0,0.0,
304,55576.0,2.0,0.0,121.6
305,2312.0,2.0,0.0,135.1
306,10455.0,2.0,0.0,
307,26011.0,2.0,0.0,
308,4641.0,2.0,0.0,527.8
309,10788.0,2.0,0.0,
310,4645.0,2.0,0.0,400.2
311,10500.0,2.0,0.0,
312,23060.0,2.0,0.0,
313,4597.0,2.0,0.0,
314,84464.0,2.0,0.0,
315,348801.0,2.0,0.0,
316,27044.0,2.0,0.0,
317,8605.0,2.0,0.0,
318,6248.0,2.0,0.0,
319,4539.0,2.0,0.0,
320,145864.0,2.0,0.0,33.1
321,6542.0,2.0,0.0,
322,127435.0,2.0,0.0,
323,395.0,2.0,0.0,
324,6520.0,2.0,0.0,
325,23158.0,2.0,0.0,
326,8667.0,2.0,0.0,
327,23020.0,2.0,0.0,
328,369.0,2.0,0.0,
329,55664.0,2.0,0.0,
330,55660.0,2.0,0.0,
331,57705.0,2.0,0.0,
332,4583.0,2.0,0.0,985.7
333,440699.0,2.0,0.0,
334,351.0,2.0,0.0,
335,203100.0,2.0,0.0,
336,8642.0,2.0,0.0,
337,55626.0,2.0,0.0,
338,6402.0,2.0,0.0,
339,4647.0,2.0,0.0,835.1
340,150681.0,2.0,0.0,
341,90203.0,2.0,0.0,
342,80210.0,2.0,0.0,
343,2162.0,2.0,0.0,
344,55930.0,2.0,0.0,775.3
345,374393.0,2.0,0.0,
346,389763.0,2.0,0.0,
347,4745.0,2.0,0.0,
348,80059.0,2.0,0.0,
349,53353.0,2.0,0.0,240.8
350,53347.0,2.0,0.0,
351,150160.0,2.0,0.0,
352,4753.0,2.0,0.0,
353,57493.0,2.0,0.0,
354,57634.0,2.0,0.0,396.3
355,374654.0,2.0,0.0,
356,4157.0,2.0,0.0,
357,1615.0,2.0,0.0,
358,5264.0,2.0,0.0,
359,10284.0,2.0,0.0,
360,4129.0,2.0,0.0,
361,10268.0,2.0,0.0,
362,84970.0,2.0,0.0,
363,4919.0,2.0,0.0,
364,8325.0,2.0,0.0,355.3
365,51366.0,2.0,0.0,1062.9
366,57579.0,2.0,0.0,
367,84164.0,2.0,0.0,
368,10460.0,2.0,0.0,1083.0
369,11093.0,2.0,0.0,
370,23090.0,2.0,0.0,
371,23094.0,2.0,0.0,
372,6716.0,2.0,0.0,
373,55734.0,2.0,0.0,531.2
374,158358.0,2.0,0.0,
375,89894.0,2.0,0.0,
376,80070.0,2.0,0.0,353.8
377,10514.0,2.0,0.0,333.3
378,23225.0,2.0,0.0,
379,55630.0,2.0,0.0,
380,4703.0,2.0,0.0,140.6
381,119395.0,2.0,0.0,
382,23348.0,2.0,0.0,
383,387775.0,2.0,0.0,
384,50614.0,2.0,0.0,
385,286205.0,2.0,0.0,
386,27248.0,2.0,0.0,257.6
387,6772.0,2.0,0.0,
388,346525.0,2.0,0.0,
389,27286.0,2.0,0.0,328.9
390,56889.0,2.0,0.0,
391,10239.0,2.0,0.0,
392,79446.0,2.0,0.0,
393,55741.0,2.0,0.0,
394,23051.0,2.0,0.0,
395,8714.0,2.0,0.0,
396,147968.0,2.0,0.0,
397,414194.0,2.0,0.0,
398,285643.0,2.0,0.0,
399,63977.0,2.0,0.0,
400,6597.0,2.0,0.0,1713.3
401,10723.0,2.0,0.0,87.2
402,1010.0,2.0,0.0,11.3
403,22989.0,2.0,0.0,
404,473.0,2.0,0.0,836.0
405,55753.0,2.0,0.0,
406,4552.0,2.0,0.0,149.9
407,113091.0,2.0,0.0,3.1
408,4540.0,2.0,0.0,
409,55861.0,2.0,0.0,
410,8632.0,2.0,0.0,39.4
411,4534.0,2.0,0.0,
412,256435.0,2.0,0.0,
413,57562.0,2.0,0.0,
414,4514.0,2.0,0.0,
415,22941.0,2.0,0.0,
416,26057.0,2.0,0.0,
417,2888.0,2.0,0.0,
418,63895.0,2.0,0.0,
419,23251.0,2.0,0.0,
420,55023.0,2.0,0.0,
421,6547.0,2.0,0.0,953.9
422,6543.0,2.0,0.0,
423,29066.0,2.0,0.0,
424,23081.0,2.0,0.0,272.4
425,148022.0,2.0,0.0,
426,57724.0,2.0,0.0,28.8
427,79810.0,2.0,0.0,25.7
428,11011.0,2.0,0.0,
429,6905.0,2.0,0.0,
430,23281.0,2.0,0.0,
431,752.0,2.0,0.0,809.5
432,8938.0,2.0,0.0,
433,283358.0,2.0,0.0,
434,6873.0,2.0,0.0,
435,1293.0,2.0,0.0,954.6
436,2769.0,2.0,0.0,
437,84665.0,2.0,0.0,
438,344758.0,2.0,0.0,
439,55811.0,2.0,0.0,49.6
440,29998.0,2.0,0.0,
441,8876.0,2.0,0.0,
442,90806.0,2.0,0.0,
443,54882.0,2.0,0.0,
444,4760.0,2.0,0.0,
445,285335.0,2.0,0.0,
446,84627.0,2.0,0.0,
447,146059.0,2.0,0.0,
448,650.0,2.0,0.0,
449,23177.0,2.0,0.0,11.3
450,8834.0,2.0,0.0,
451,729330.0,2.0,0.0,20.8
452,640.0,2.0,0.0,
453,23145.0,2.0,0.0,
454,55672.0,2.0,0.0,
455,610.0,2.0,0.0,
456,10847.0,2.0,0.0,786.8
457,23107.0,2.0,0.0,
458,10079.0,2.0,0.0,249.9
459,57706.0,2.0,0.0,
460,7757.0,2.0,0.0,589.0
461,442444.0,2.0,0.0,1.2
462,80731.0,2.0,0.0,
463,2181.0,2.0,0.0,
464,6329.0,2.0,0.0,
465,160335.0,2.0,0.0,128.1
466,83473.0,2.0,0.0,
467,255239.0,2.0,0.0,
468,156.0,2.0,0.0,
469,60678.0,2.0,0.0,
470,6263.0,2.0,0.0,249.4
471,10351.0,2.0,0.0,
472,3757.0,2.0,0.0,702.5
473,57446.0,2.0,0.0,
474,84889.0,2.0,0.0,
475,11094.0,2.0,0.0,
476,2119.0,2.0,0.0,449.6
477,202.0,2.0,0.0,473.7
478,70.0,2.0,0.0,
479,124997.0,2.0,0.0,
480,8685.0,2.0,0.0,
481,79937.0,2.0,0.0,
482,50.0,2.0,0.0,
483,51247.0,2.0,0.0,
484,4620.0,2.0,0.0,1155.9
485,5157.0,2.0,0.0,
486,169792.0,2.0,0.0,509.0
487,83985.0,2.0,0.0,
488,643314.0,2.0,0.0,
489,55182.0,2.0,0.0,
490,81926.0,2.0,0.0,
491,203068.0,2.0,0.0,
492,57538.0,2.0,0.0,
493,5788.0,2.0,0.0,
494,83590.0,2.0,0.0,
495,55599.0,2.0,0.0,
496,29028.0,2.0,0.0,1193.4
497,219487.0,2.0,0.0,
498,57692.0,2.0,0.0,
499,6491.0,2.0,0.0,
500,6487.0,2.0,0.0,
501,55175.0,2.0,0.0,
502,260429.0,2.0,0.0,
503,10795.0,2.0,0.0,
504,324.0,2.0,0.0,982.3
505,55619.0,2.0,0.0,53.0
506,316.0,2.0,0.0,205.6
507,203102.0,2.0,0.0,
508,2357.0,2.0,0.0,1155.3
509,84273.0,2.0,0.0,
510,57646.0,2.0,0.0,
511,57554.0,2.0,0.0,
512,57642.0,2.0,0.0,3.7
513,288.0,2.0,0.0,676.2
514,57624.0,2.0,0.0,
515,51479.0,2.0,0.0,
516,270.0,2.0,0.0,
517,55565.0,2.0,0.0,
518,8908.0,2.0,0.0,
519,401666.0,2.0,0.0,
520,8440.0,2.0,0.0,
521,675.0,2.0,0.0,582.8
522,51427.0,2.0,0.0,
523,80243.0,2.0,0.0,535.9
524,57556.0,2.0,0.0,
525,10451.0,2.0,0.0,837.9
526,11019.0,2.0,0.0,
527,6935.0,2.0,0.0,
528,138009.0,2.0,0.0,
529,64847.0,2.0,0.0,
530,64921.0,2.0,0.0,
531,9895.0,2.0,0.0,
532,9612.0,2.0,0.0,737.5
533,7561.0,2.0,0.0,
534,7559.0,2.0,0.0,
535,5502.0,2.0,0.0,
536,148327.0,2.0,0.0,
537,5500.0,2.0,0.0,
538,7840.0,2.0,0.0,12.2
539,1390.0,2.0,0.0,
540,26246.0,2.0,0.0,
541,10290.0,2.0,0.0,
542,25946.0,2.0,0.0,
543,128338.0,2.0,0.0,
544,1356.0,2.0,0.0,
545,1444.0,2.0,0.0,
546,165186.0,2.0,0.0,
547,8788.0,2.0,0.0,
548,25914.0,2.0,0.0,
549,3381.0,2.0,0.0,
550,388403.0,2.0,0.0,
551,120114.0,2.0,0.0,
552,9520.0,2.0,0.0,
553,8624.0,2.0,0.0,
554,147658.0,2.0,0.0,
555,1294.0,2.0,0.0,
556,25836.0,2.0,0.0,530.6
557,25834.0,2.0,0.0,
558,64743.0,2.0,0.0,
559,23351.0,2.0,0.0,20.3
560,11259.0,2.0,0.0,
561,9638.0,2.0,0.0,
562,150356.0,2.0,0.0,
563,83450.0,2.0,0.0,
564,81034.0,2.0,0.0,
565,1606.0,2.0,0.0,
566,9796.0,2.0,0.0,
567,10149.0,2.0,0.0,
568,130617.0,2.0,0.0,
569,10196.0,2.0,0.0,
570,84856.0,2.0,0.0,
571,5664.0,2.0,0.0,
572,388633.0,2.0,0.0,
573,7695.0,2.0,0.0,
574,54796.0,2.0,0.0,238.9
575,9736.0,2.0,0.0,535.8
576,9734.0,2.0,0.0,
577,9724.0,2.0,0.0,954.6
578,9832.0,2.0,0.0,
579,85417.0,2.0,0.0,764.8
580,5604.0,2.0,0.0,
581,9698.0,2.0,0.0,
582,9686.0,2.0,0.0,
583,85461.0,2.0,0.0,591.2
584,28232.0,2.0,0.0,
585,170959.0,2.0,0.0,
586,284110.0,2.0,0.0,
587,9392.0,2.0,0.0,306.9
588,9666.0,2.0,0.0,267.5
589,26046.0,2.0,0.0,
590,286133.0,2.0,0.0,
591,9646.0,2.0,0.0,754.4
592,9644.0,2.0,0.0,120.6
593,388523.0,2.0,0.0,
594,5314.0,2.0,0.0,319.2
595,9886.0,2.0,0.0,
596,54454.0,2.0,0.0,
597,728888.0,2.0,0.0,
598,2766.0,2.0,0.0,
599,11231.0,2.0,0.0,
600,3037.0,2.0,0.0,
601,23515.0,2.0,0.0,
602,5082.0,2.0,0.0,
603,494551.0,2.0,0.0,
604,353238.0,2.0,0.0,
605,11215.0,2.0,0.0,
606,80345.0,2.0,0.0,
607,56253.0,2.0,0.0,
608,23469.0,2.0,0.0,
609,10277.0,2.0,0.0,
610,9126.0,2.0,0.0,
611,2969.0,2.0,0.0,
612,729533.0,2.0,0.0,
613,126133.0,2.0,0.0,
614,23405.0,2.0,0.0,1632.6
615,54815.0,2.0,0.0,
616,23379.0,2.0,0.0,
617,11083.0,2.0,0.0,193.2
618,5733.0,2.0,0.0,
619,283464.0,2.0,0.0,
620,80709.0,2.0,0.0,
621,254786.0,2.0,0.0,
622,4928.0,2.0,0.0,
623,5793.0,2.0,0.0,
624,326340.0,2.0,0.0,
625,4908.0,2.0,0.0,
626,55558.0,2.0,0.0,448.4
627,2853.0,2.0,0.0,
628,134147.0,2.0,0.0,
629,5126.0,2.0,0.0,
630,1660.0,2.0,0.0,
631,9228.0,2.0,0.0,
632,9883.0,2.0,0.0,
633,126123.0,2.0,0.0,
634,7337.0,2.0,0.0,
635,54801.0,2.0,0.0,
636,1188.0,2.0,0.0,
637,3233.0,2.0,0.0,
638,9372.0,2.0,0.0,656.4
639,26276.0,2.0,0.0,
640,64780.0,2.0,0.0,
641,7297.0,2.0,0.0,
642,56853.0,2.0,0.0,
643,654463.0,2.0,0.0,
644,1138.0,2.0,0.0,
645,60437.0,2.0,0.0,
646,58472.0,2.0,0.0,
647,23649.0,2.0,0.0,
648,5214.0,2.0,0.0,1160.7
649,259266.0,2.0,0.0,569.3
650,1116.0,2.0,0.0,
651,23639.0,2.0,0.0,
652,60485.0,2.0,0.0,
653,5184.0,2.0,0.0,
654,10570.0,2.0,0.0,
655,7223.0,2.0,0.0,
656,9320.0,2.0,0.0,
657,219541.0,2.0,0.0,
658,3111.0,2.0,0.0,
659,7201.0,2.0,0.0,
660,5140.0,2.0,0.0,
661,113510.0,2.0,0.0,
662,204801.0,2.0,0.0,
663,9659.0,2.0,0.0,377.4
664,50485.0,2.0,0.0,
665,128367.0,2.0,0.0,
666,25963.0,2.0,0.0,
667,339302.0,2.0,0.0,
668,9569.0,2.0,0.0,
669,84196.0,2.0,0.0,536.9
670,3418.0,2.0,0.0,
671,64844.0,2.0,0.0,
672,200010.0,2.0,0.0,
673,23023.0,2.0,0.0,192.5
674,1285.0,2.0,0.0,
675,122011.0,2.0,0.0,
676,64816.0,2.0,0.0,
677,2972.0,2.0,0.0,
678,341277.0,2.0,0.0,
679,54549.0,2.0,0.0,611.3
680,79874.0,2.0,0.0,254.2
681,1297.0,2.0,0.0,213.9
682,29967.0,2.0,0.0,
683,5493.0,2.0,0.0,444.0
684,140679.0,2.0,0.0,
685,79915.0,2.0,0.0,753.8
686,1362.0,2.0,0.0,472.6
687,91653.0,2.0,0.0,360.1
688,145226.0,2.0,0.0,
689,55521.0,2.0,0.0,
690,6173.0,2.0,0.0,
691,26091.0,2.0,0.0,
692,9703.0,2.0,0.0,
693,1509.0,2.0,0.0,
694,7652.0,2.0,0.0,
695,7644.0,2.0,0.0,
696,50649.0,2.0,0.0,
697,26049.0,2.0,0.0,
698,3512.0,2.0,0.0,
699,23236.0,2.0,0.0,469.0
700,140803.0,2.0,0.0,245.5
701,116143.0,2.0,0.0,
702,7596.0,2.0,0.0,
703,5537.0,2.0,0.0,
704,388364.0,2.0,0.0,
705,25851.0,2.0,0.0,
706,56155.0,2.0,0.0,
707,8372.0,2.0,0.0,
708,130120.0,2.0,0.0,
709,57669.0,2.0,0.0,
710,5187.0,2.0,0.0,
711,54910.0,2.0,0.0,
712,7224.0,2.0,0.0,
713,3122.0,2.0,0.0,907.1
714,90850.0,2.0,0.0,156.7
715,5159.0,2.0,0.0,
716,5141.0,2.0,0.0,
717,84858.0,2.0,0.0,
718,9235.0,2.0,0.0,
719,222223.0,2.0,0.0,
720,1029.0,2.0,0.0,
721,9217.0,2.0,0.0,
722,11264.0,2.0,0.0,
723,1434.0,2.0,0.0,
724,6444.0,2.0,0.0,
725,84976.0,2.0,0.0,
726,353355.0,2.0,0.0,
727,3786.0,2.0,0.0,
728,1131.0,2.0,0.0,
729,29950.0,2.0,0.0,
730,9463.0,2.0,0.0,
731,146664.0,2.0,0.0,
732,5351.0,2.0,0.0,
733,195814.0,2.0,0.0,
734,5339.0,2.0,0.0,750.9
735,2915.0,2.0,0.0,
736,259249.0,2.0,0.0,
737,5295.0,2.0,0.0,1206.1
738,9381.0,2.0,0.0,
739,53637.0,2.0,0.0,
740,58525.0,2.0,0.0,
741,55852.0,2.0,0.0,
742,50808.0,2.0,0.0,
743,402569.0,2.0,0.0,
744,7290.0,2.0,0.0,
745,130162.0,2.0,0.0,
746,7280.0,2.0,0.0,
747,284001.0,2.0,0.0,
748,56848.0,2.0,0.0,
749,1005.0,2.0,0.0,68.4
750,55133.0,2.0,0.0,221.6
751,51105.0,2.0,0.0,
752,346007.0,2.0,0.0,
753,10131.0,2.0,0.0,
754,51079.0,2.0,0.0,
755,81792.0,2.0,0.0,
756,57214.0,2.0,0.0,
757,153443.0,2.0,0.0,
758,5983.0,2.0,0.0,
759,3904.0,2.0,0.0,
760,673.0,2.0,0.0,1298.9
761,57148.0,2.0,0.0,382.1
762,2066.0,2.0,0.0,1443.7
763,200232.0,2.0,0.0,
764,345193.0,2.0,0.0,
765,284306.0,2.0,0.0,
766,55063.0,2.0,0.0,
767,10242.0,2.0,0.0,
768,3848.0,2.0,0.0,495.0
769,221092.0,2.0,0.0,215.7
770,26533.0,2.0,0.0,
771,10157.0,2.0,0.0,
772,22866.0,2.0,0.0,
773,2045.0,2.0,0.0,
774,149499.0,2.0,0.0,
775,4090.0,2.0,0.0,
776,2033.0,2.0,0.0,1590.7
777,153579.0,2.0,0.0,
778,55269.0,2.0,0.0,
779,131034.0,2.0,0.0,
780,440279.0,2.0,0.0,
781,6101.0,2.0,0.0,91.7
782,11148.0,2.0,0.0,
783,55247.0,2.0,0.0,413.5
784,6093.0,2.0,0.0,
785,163786.0,2.0,0.0,
786,1981.0,2.0,0.0,
787,4026.0,2.0,0.0,688.2
788,64746.0,2.0,0.0,
789,343990.0,2.0,0.0,
790,84675.0,2.0,0.0,
791,343450.0,2.0,0.0,
792,9745.0,2.0,0.0,
793,124535.0,2.0,0.0,
794,56171.0,2.0,0.0,48.7
795,26271.0,2.0,0.0,
796,28316.0,2.0,0.0,
797,83607.0,2.0,0.0,
798,50835.0,2.0,0.0,
799,123745.0,2.0,0.0,
800,9857.0,2.0,0.0,180.8
801,401024.0,2.0,0.0,
802,3694.0,2.0,0.0,
803,57084.0,2.0,0.0,
804,128611.0,2.0,0.0,
805,9821.0,2.0,0.0,
806,54875.0,2.0,0.0,155.9
807,3664.0,2.0,0.0,
808,65094.0,2.0,0.0,
809,400954.0,2.0,0.0,
810,5673.0,2.0,0.0,
811,7716.0,2.0,0.0,51.2
812,333926.0,2.0,0.0,318.0
813,112970.0,2.0,0.0,
814,2058.0,2.0,0.0,1399.4
815,83538.0,2.0,0.0,
816,50939.0,2.0,0.0,
817,132851.0,2.0,0.0,
818,3949.0,2.0,0.0,448.1
819,4771.0,2.0,0.0,
820,200424.0,2.0,0.0,
821,29890.0,2.0,0.0,
822,9957.0,2.0,0.0,
823,65244.0,2.0,0.0,
824,81624.0,2.0,0.0,
825,360132.0,2.0,0.0,
826,54900.0,2.0,0.0,
827,387640.0,2.0,0.0,
828,442186.0,2.0,0.0,
829,8991.0,2.0,0.0,
830,5817.0,2.0,0.0,
831,54963.0,2.0,0.0,
832,126638.0,2.0,0.0,
833,545.0,2.0,0.0,1193.2
834,554226.0,2.0,0.0,
835,441250.0,2.0,0.0,
836,346653.0,2.0,0.0,
837,51253.0,2.0,0.0,
838,115111.0,2.0,0.0,
839,220047.0,2.0,0.0,
840,905.0,2.0,0.0,
841,203523.0,2.0,0.0,
842,975.0,2.0,0.0,
843,2990.0,2.0,0.0,
844,4985.0,2.0,0.0,
845,3036.0,2.0,0.0,398.1
846,2986.0,2.0,0.0,
847,22832.0,2.0,0.0,
848,7096.0,2.0,0.0,
849,127933.0,2.0,0.0,
850,55832.0,2.0,0.0,545.0
851,23293.0,2.0,0.0,389.2
852,84876.0,2.0,0.0,
853,5077.0,2.0,0.0,
854,285600.0,2.0,0.0,
855,64412.0,2.0,0.0,747.1
856,64478.0,2.0,0.0,127.0
857,7050.0,2.0,0.0,
858,85450.0,2.0,0.0,
859,80856.0,2.0,0.0,
860,274.0,2.0,0.0,
861,971.0,2.0,0.0,
862,390037.0,2.0,0.0,
863,7098.0,2.0,0.0,
864,347088.0,2.0,0.0,
865,9181.0,2.0,0.0,489.9
866,64319.0,1.0,0.0,
867,219959.0,1.0,0.0,
868,5745.0,1.0,0.0,
869,55526.0,1.0,0.0,
870,353189.0,1.0,0.0,
871,89782.0,1.0,0.0,1.7
872,284325.0,1.0,0.0,
873,9020.0,1.0,0.0,
874,347731.0,1.0,0.0,
875,2877.0,1.0,0.0,
876,196913.0,1.0,0.0,
877,196264.0,1.0,0.0,
878,8974.0,1.0,0.0,
879,113457.0,1.0,0.0,
880,3762.0,1.0,0.0,
881,11059.0,1.0,0.0,
882,23345.0,1.0,0.0,399.9
883,800.0,1.0,0.0,
884,85476.0,1.0,0.0,
885,11041.0,1.0,0.0,
886,6830.0,1.0,0.0,921.1
887,8994.0,1.0,0.0,78.4
888,89780.0,1.0,0.0,
889,790.0,1.0,0.0,
890,91862.0,1.0,0.0,191.5
891,79932.0,1.0,0.0,
892,4855.0,1.0,0.0,720.8
893,10998.0,1.0,0.0,
894,92949.0,1.0,0.0,
895,148266.0,1.0,0.0,
896,727851.0,1.0,0.0,
897,84900.0,1.0,0.0,
898,23341.0,1.0,0.0,
899,3149.0,1.0,0.0,
900,3754.0,1.0,0.0,
901,23526.0,1.0,0.0,
902,7844.0,1.0,0.0,
903,120775.0,1.0,0.0,
904,162681.0,1.0,0.0,
905,890.0,1.0,0.0,
906,54925.0,1.0,0.0,
907,80765.0,1.0,0.0,
908,11135.0,1.0,0.0,
909,57460.0,1.0,0.0,
910,93145.0,1.0,0.0,
911,9867.0,1.0,0.0,
912,166793.0,1.0,0.0,
913,9070.0,1.0,0.0,
914,84875.0,1.0,0.0,
915,5004.0,1.0,0.0,
916,84879.0,1.0,0.0,
917,23261.0,1.0,0.0,113.0
918,3032.0,1.0,0.0,
919,374407.0,1.0,0.0,
920,192134.0,1.0,0.0,
921,51315.0,1.0,0.0,
922,161198.0,1.0,0.0,
923,255631.0,1.0,0.0,19.6
924,54084.0,1.0,0.0,
925,6999.0,1.0,0.0,145.2
926,23367.0,1.0,0.0,1012.4
927,9889.0,1.0,0.0,
928,23369.0,1.0,0.0,373.4
929,22864.0,1.0,0.0,
930,10992.0,1.0,0.0,
931,118430.0,1.0,0.0,
932,124842.0,1.0,0.0,
933,2901.0,1.0,0.0,
934,4952.0,1.0,0.0,995.4
935,7084.0,1.0,0.0,
936,3068.0,1.0,0.0,
937,6890.0,1.0,0.0,
938,11099.0,1.0,0.0,433.2
939,115548.0,1.0,0.0,
940,11101.0,1.0,0.0,
941,23395.0,1.0,0.0,
942,55132.0,1.0,0.0,
943,10746.0,1.0,0.0,
944,221937.0,1.0,0.0,445.4
945,11005.0,1.0,0.0,137.6
946,27107.0,1.0,0.0,
947,6809.0,1.0,0.0,
948,84639.0,1.0,0.0,
949,10915.0,1.0,0.0,
950,676.0,1.0,0.0,
951,55973.0,1.0,0.0,
952,10919.0,1.0,0.0,
953,10921.0,1.0,0.0,
954,286436.0,1.0,0.0,
955,1763.0,1.0,0.0,
956,89822.0,1.0,0.0,
957,23215.0,1.0,0.0,
958,6621.0,1.0,0.0,117.7
959,10929.0,1.0,0.0,
960,23219.0,1.0,0.0,
961,100505741.0,1.0,0.0,
962,148229.0,1.0,0.0,
963,203447.0,1.0,0.0,
964,81622.0,1.0,0.0,
965,4794.0,1.0,0.0,
966,84288.0,1.0,0.0,
967,23195.0,1.0,0.0,1114.4
968,55015.0,1.0,0.0,
969,49854.0,1.0,0.0,
970,150165.0,1.0,0.0,
971,412.0,1.0,0.0,
972,10865.0,1.0,0.0,
973,23155.0,1.0,0.0,
974,6773.0,1.0,0.0,
975,27091.0,1.0,0.0,
976,27255.0,1.0,0.0,
977,64127.0,1.0,0.0,131.5
978,6926.0,1.0,0.0,
979,9969.0,1.0,0.0,
980,8836.0,1.0,0.0,
981,43.0,1.0,0.0,
982,1775.0,1.0,0.0,
983,26239.0,1.0,0.0,
984,5865.0,1.0,0.0,
985,652.0,1.0,0.0,
986,654.0,1.0,0.0,576.9
987,150159.0,1.0,0.0,
988,6801.0,1.0,0.0,
989,284615.0,1.0,0.0,
990,416.0,1.0,0.0,86.1
991,27327.0,1.0,0.0,
992,100129543.0,1.0,0.0,
993,738.0,1.0,0.0,
994,84547.0,1.0,0.0,
995,148198.0,1.0,0.0,
996,10985.0,1.0,0.0,462.4
997,7512.0,1.0,0.0,
998,8940.0,1.0,0.0,
999,8942.0,1.0,0.0,
1000,3778.0,1.0,0.0,
1001,9481.0,1.0,0.0,
1002,3702.0,1.0,0.0,
1003,758.0,1.0,0.0,67.5
1004,63922.0,1.0,0.0,
1005,84443.0,1.0,0.0,
1006,219899.0,1.0,0.0,
1007,205564.0,1.0,0.0,
1008,114818.0,1.0,0.0,
1009,54014.0,1.0,0.0,266.3
1010,201633.0,1.0,0.0,
1011,348932.0,1.0,0.0,
1012,344838.0,1.0,0.0,
1013,284697.0,1.0,0.0,
1014,145748.0,1.0,0.0,
1015,150209.0,1.0,0.0,
1016,2820.0,1.0,0.0,
1017,348980.0,1.0,0.0,140.4
1018,441027.0,1.0,0.0,
1019,708.0,1.0,0.0,
1020,23239.0,1.0,0.0,
1021,6857.0,1.0,0.0,
1022,9843.0,1.0,0.0,
1023,716.0,1.0,0.0,
1024,5837.0,1.0,0.0,
1025,64207.0,1.0,0.0,
1026,23001.0,1.0,0.0,
1027,8914.0,1.0,0.0,
1028,27347.0,1.0,0.0,
1029,286410.0,1.0,0.0,210.1
1030,84693.0,1.0,0.0,
1031,1737.0,1.0,0.0,
1032,81608.0,1.0,0.0,
1033,64219.0,1.0,0.0,70.2
1034,8924.0,1.0,0.0,271.7
1035,10973.0,1.0,0.0,655.1
1036,84899.0,1.0,0.0,
1037,5048.0,1.0,0.0,
1038,3714.0,1.0,0.0,
1039,162963.0,1.0,0.0,
1040,3203.0,1.0,0.0,
1041,58500.0,1.0,0.0,
1042,10797.0,1.0,0.0,
1043,5256.0,1.0,0.0,193.2
1044,84629.0,1.0,0.0,
1045,54831.0,1.0,0.0,
1046,3213.0,1.0,0.0,
1047,26157.0,1.0,0.0,
1048,58512.0,1.0,0.0,
1049,9759.0,1.0,0.0,
1050,122402.0,1.0,0.0,
1051,5270.0,1.0,0.0,
1052,22883.0,1.0,0.0,
1053,57715.0,1.0,0.0,
1054,7732.0,1.0,0.0,
1055,6862.0,1.0,0.0,29.1
1056,1184.0,1.0,0.0,537.4
1057,3624.0,1.0,0.0,
1058,717.0,1.0,0.0,713.4
1059,81061.0,1.0,0.0,
1060,286256.0,1.0,0.0,
1061,7730.0,1.0,0.0,
1062,3636.0,1.0,0.0,701.7
1063,11227.0,1.0,0.0,
1064,79863.0,1.0,0.0,
1065,28514.0,1.0,0.0,
1066,9312.0,1.0,0.0,
1067,10763.0,1.0,0.0,850.7
1068,7267.0,1.0,0.0,288.5
1069,283748.0,1.0,0.0,
1070,120379.0,1.0,0.0,
1071,8911.0,1.0,0.0,
1072,284217.0,1.0,0.0,391.4
1073,65080.0,1.0,0.0,
1074,3181.0,1.0,0.0,
1075,4508.0,1.0,0.0,
1076,3185.0,1.0,0.0,
1077,10274.0,1.0,0.0,
1078,1140.0,1.0,0.0,
1079,2664.0,1.0,0.0,
1080,7287.0,1.0,0.0,659.1
1081,6557.0,1.0,0.0,
1082,5244.0,1.0,0.0,
1083,4588.0,1.0,0.0,
1084,221981.0,1.0,0.0,
1085,54853.0,1.0,0.0,
1086,3297.0,1.0,0.0,
1087,29904.0,1.0,0.0,
1088,259282.0,1.0,0.0,105.4
1089,256714.0,1.0,0.0,12.4
1090,9603.0,1.0,0.0,
1091,5334.0,1.0,0.0,598.9
1092,165082.0,1.0,0.0,17.3
1093,1244.0,1.0,0.0,736.4
1094,7389.0,1.0,0.0,
1095,54496.0,1.0,0.0,
1096,25830.0,1.0,0.0,
1097,65056.0,1.0,0.0,
1098,83463.0,1.0,0.0,
1099,400709.0,1.0,0.0,
1100,10950.0,1.0,0.0,
1101,115950.0,1.0,0.0,
1102,403314.0,1.0,0.0,
1103,5362.0,1.0,0.0,448.7
1104,6188.0,1.0,0.0,
1105,284312.0,1.0,0.0,
1106,341405.0,1.0,0.0,
1107,54478.0,1.0,0.0,
1108,4664.0,1.0,0.0,
1109,220359.0,1.0,0.0,
1110,29894.0,1.0,0.0,969.7
1111,140831.0,1.0,0.0,
1112,1565.0,1.0,0.0,87.8
1113,140460.0,1.0,0.0,
1114,3612.0,1.0,0.0,
1115,1200.0,1.0,0.0,
1116,4846.0,1.0,0.0,
1117,7704.0,1.0,0.0,
1118,23731.0,1.0,0.0,
1119,56061.0,1.0,0.0,
1120,140823.0,1.0,0.0,
1121,26133.0,1.0,0.0,
1122,9841.0,1.0,0.0,44.3
1123,7353.0,1.0,0.0,
1124,643836.0,1.0,0.0,
1125,138429.0,1.0,0.0,
1126,375387.0,1.0,0.0,
1127,27340.0,1.0,0.0,1055.4
1128,3267.0,1.0,0.0,
1129,3269.0,1.0,0.0,
1130,84631.0,1.0,0.0,262.6
1131,23248.0,1.0,0.0,
1132,5686.0,1.0,0.0,
1133,7153.0,1.0,0.0,
1134,56950.0,1.0,0.0,
1135,5747.0,1.0,0.0,
1136,55135.0,1.0,0.0,484.0
1137,23523.0,1.0,0.0,284.2
1138,5563.0,1.0,0.0,
1139,80157.0,1.0,0.0,
1140,50801.0,1.0,0.0,
1141,84275.0,1.0,0.0,371.5
1142,11247.0,1.0,0.0,
1143,9202.0,1.0,0.0,716.7
1144,84694.0,1.0,0.0,
1145,390063.0,1.0,0.0,
1146,5426.0,1.0,0.0,
1147,10188.0,1.0,0.0,
1148,2161.0,1.0,0.0,
1149,9210.0,1.0,0.0,
1150,3067.0,1.0,0.0,
1151,5116.0,1.0,0.0,202.8
1152,390144.0,1.0,0.0,
1153,138241.0,1.0,0.0,
1154,23513.0,1.0,0.0,794.2
1155,5080.0,1.0,0.0,
1156,1657.0,1.0,0.0,702.6
1157,55689.0,1.0,0.0,69.7
1158,23471.0,1.0,0.0,
1159,494513.0,1.0,0.0,
1160,7091.0,1.0,0.0,
1161,11189.0,1.0,0.0,
1162,8492.0,1.0,0.0,
1163,4716.0,1.0,0.0,669.7
1164,11193.0,1.0,0.0,
1165,283578.0,1.0,0.0,
1166,5052.0,1.0,0.0,
1167,23264.0,1.0,0.0,
1168,3710.0,1.0,0.0,824.2
1169,10075.0,1.0,0.0,1141.6
1170,150465.0,1.0,0.0,
1171,91074.0,1.0,0.0,259.7
1172,55031.0,1.0,0.0,
1173,9162.0,1.0,0.0,
1174,9853.0,1.0,0.0,
1175,7804.0,1.0,0.0,
1176,23507.0,1.0,0.0,
1177,5122.0,1.0,0.0,199.3
1178,54879.0,1.0,0.0,
1179,1607.0,1.0,0.0,
1180,83698.0,1.0,0.0,
1181,199731.0,1.0,0.0,
1182,23587.0,1.0,0.0,
1183,645811.0,1.0,0.0,
1184,8913.0,1.0,0.0,45.1
1185,7225.0,1.0,0.0,
1186,7227.0,1.0,0.0,
1187,54863.0,1.0,0.0,
1188,2002.0,1.0,0.0,
1189,55620.0,1.0,0.0,
1190,147949.0,1.0,0.0,
1191,7175.0,1.0,0.0,
1192,166979.0,1.0,0.0,
1193,24138.0,1.0,0.0,
1194,164395.0,1.0,0.0,
1195,54346.0,1.0,0.0,153.3
1196,257101.0,1.0,0.0,
1197,60495.0,1.0,0.0,
1198,1106.0,1.0,0.0,987.6
1199,23635.0,1.0,0.0,
1200,6671.0,1.0,0.0,325.1
1201,6514.0,1.0,0.0,
1202,81490.0,1.0,0.0,
1203,158763.0,1.0,0.0,2.2
1204,9811.0,1.0,0.0,
1205,4821.0,1.0,0.0,
1206,142940.0,1.0,0.0,
1207,80816.0,1.0,0.0,
1208,7181.0,1.0,0.0,
1209,5734.0,1.0,0.0,
1210,23013.0,1.0,0.0,
1211,8799.0,1.0,0.0,
1212,388115.0,1.0,0.0,
1213,81494.0,1.0,0.0,
1214,85013.0,1.0,0.0,
1215,1046.0,1.0,0.0,
1216,1048.0,1.0,0.0,260.1
1217,3099.0,1.0,0.0,1006.7
1218,9246.0,1.0,0.0,
1219,1266.0,1.0,0.0,
1220,5152.0,1.0,0.0,
1221,347732.0,1.0,0.0,
1222,85027.0,1.0,0.0,
1223,1062.0,1.0,0.0,
1224,2832.0,1.0,0.0,
1225,8798.0,1.0,0.0,717.9
1226,285679.0,1.0,0.0,
1227,64768.0,1.0,0.0,
1228,219333.0,1.0,0.0,
1229,4296.0,1.0,0.0,
1230,3108.0,1.0,0.0,
1231,23191.0,1.0,0.0,397.3
1232,8386.0,1.0,0.0,
1233,4000.0,1.0,0.0,
1234,25778.0,1.0,0.0,543.0
1235,3992.0,1.0,0.0,
1236,158747.0,1.0,0.0,
1237,3988.0,1.0,0.0,
1238,3982.0,1.0,0.0,
1239,9093.0,1.0,0.0,
1240,3707.0,1.0,0.0,
1241,10129.0,1.0,0.0,890.3
1242,218.0,1.0,0.0,
1243,55515.0,1.0,0.0,
1244,10461.0,1.0,0.0,
1245,4318.0,1.0,0.0,
1246,80095.0,1.0,0.0,
1247,57232.0,1.0,0.0,
1248,4292.0,1.0,0.0,
1249,387267.0,1.0,0.0,
1250,83875.0,1.0,0.0,
1251,220032.0,1.0,0.0,
1252,797.0,1.0,0.0,
1253,10411.0,1.0,0.0,
1254,9663.0,1.0,0.0,
1255,10413.0,1.0,0.0,
1256,6584.0,1.0,0.0,
1257,57520.0,1.0,0.0,
1258,147372.0,1.0,0.0,
1259,57522.0,1.0,0.0,
1260,57524.0,1.0,0.0,
1261,3190.0,1.0,0.0,
1262,54825.0,1.0,0.0,
1263,10423.0,1.0,0.0,
1264,340152.0,1.0,0.0,
1265,26539.0,1.0,0.0,
1266,1961.0,1.0,0.0,
1267,144124.0,1.0,0.0,
1268,2237.0,1.0,0.0,
1269,23362.0,1.0,0.0,554.1
1270,4288.0,1.0,0.0,1296.1
1271,57570.0,1.0,0.0,
1272,7712.0,1.0,0.0,
1273,84133.0,1.0,0.0,
1274,80167.0,1.0,0.0,
1275,57546.0,1.0,0.0,
1276,440193.0,1.0,0.0,392.7
1277,823.0,1.0,0.0,
1278,22809.0,1.0,0.0,
1279,284.0,1.0,0.0,
1280,84253.0,1.0,0.0,
1281,10111.0,1.0,0.0,
1282,147746.0,1.0,0.0,
1283,388677.0,1.0,0.0,
1284,55593.0,1.0,0.0,
1285,317671.0,1.0,0.0,
1286,51069.0,1.0,0.0,
1287,57644.0,1.0,0.0,178.6
1288,1915.0,1.0,0.0,1718.8
1289,30819.0,1.0,0.0,
1290,55159.0,1.0,0.0,
1291,6602.0,1.0,0.0,
1292,729396.0,1.0,0.0,
1293,6005.0,1.0,0.0,
1294,352909.0,1.0,0.0,
1295,221458.0,1.0,0.0,
1296,7075.0,1.0,0.0,
1297,55171.0,1.0,0.0,279.6
1298,11255.0,1.0,0.0,
1299,116969.0,1.0,0.0,
1300,57578.0,1.0,0.0,547.2
1301,55531.0,1.0,0.0,
1302,114926.0,1.0,0.0,
1303,112936.0,1.0,0.0,
1304,8434.0,1.0,0.0,
1305,57590.0,1.0,0.0,
1306,10487.0,1.0,0.0,
1307,22918.0,1.0,0.0,
1308,23178.0,1.0,0.0,858.7
1309,26960.0,1.0,0.0,
1310,6397.0,1.0,0.0,964.9
1311,80129.0,1.0,0.0,219.4
1312,11064.0,1.0,0.0,557.9
1313,11116.0,1.0,0.0,
1314,9627.0,1.0,0.0,
1315,57608.0,1.0,0.0,
1316,55561.0,1.0,0.0,
1317,22795.0,1.0,0.0,707.0
1318,4931.0,1.0,0.0,
1319,57508.0,1.0,0.0,146.2
1320,8794.0,1.0,0.0,
1321,64376.0,1.0,0.0,
1322,221150.0,1.0,0.0,
1323,51257.0,1.0,0.0,
1324,114049.0,1.0,0.0,
1325,51168.0,1.0,0.0,139.4
1326,57404.0,1.0,0.0,
1327,151516.0,1.0,0.0,167.3
1328,83931.0,1.0,0.0,
1329,885.0,1.0,0.0,
1330,26585.0,1.0,0.0,
1331,80726.0,1.0,0.0,108.8
1332,55239.0,1.0,0.0,
1333,128646.0,1.0,0.0,
1334,374739.0,1.0,0.0,
1335,2125.0,1.0,0.0,587.5
1336,51281.0,1.0,0.0,103.7
1337,127829.0,1.0,0.0,
1338,255057.0,1.0,0.0,
1339,6658.0,1.0,0.0,
1340,6229.0,1.0,0.0,
1341,127064.0,1.0,0.0,
1342,10207.0,1.0,0.0,
1343,201158.0,1.0,0.0,
1344,51171.0,1.0,0.0,
1345,90993.0,1.0,0.0,
1346,2.0,1.0,0.0,
1347,342892.0,1.0,0.0,
1348,151556.0,1.0,0.0,
1349,11108.0,1.0,0.0,60.5
1350,8204.0,1.0,0.0,
1351,8823.0,1.0,0.0,
1352,83959.0,1.0,0.0,
1353,90102.0,1.0,0.0,193.4
1354,8604.0,1.0,0.0,
1355,131096.0,1.0,0.0,
1356,51225.0,1.0,0.0,
1357,10269.0,1.0,0.0,
1358,93349.0,1.0,0.0,
1359,646962.0,1.0,0.0,
1360,2081.0,1.0,0.0,
1361,4130.0,1.0,0.0,830.7
1362,8228.0,1.0,0.0,
1363,55333.0,1.0,0.0,
1364,23392.0,1.0,0.0,
1365,2137.0,1.0,0.0,
1366,159686.0,1.0,0.0,
1367,202915.0,1.0,0.0,
1368,81848.0,1.0,0.0,
1369,80003.0,1.0,0.0,
1370,64772.0,1.0,0.0,36.7
1371,114822.0,1.0,0.0,
1372,123016.0,1.0,0.0,608.8
1373,401546.0,1.0,0.0,
1374,401548.0,1.0,0.0,
1375,56658.0,1.0,0.0,
1376,57488.0,1.0,0.0,
1377,80017.0,1.0,0.0,585.9
1378,80712.0,1.0,0.0,1042.9
1379,23135.0,1.0,0.0,164.6
1380,6293.0,1.0,0.0,660.3
1381,55511.0,1.0,0.0,
1382,140690.0,1.0,0.0,347.3
1383,2203.0,1.0,0.0,
1384,219293.0,1.0,0.0,
1385,139422.0,1.0,0.0,10.4
1386,2844.0,1.0,0.0,
1387,8110.0,1.0,0.0,
1388,51361.0,1.0,0.0,
1389,130.0,1.0,0.0,
1390,10369.0,1.0,0.0,
1391,54989.0,1.0,0.0,
1392,124857.0,1.0,0.0,
1393,57758.0,1.0,0.0,
1394,4036.0,1.0,0.0,908.7
1395,116835.0,1.0,0.0,
1396,114788.0,1.0,0.0,39.0
1397,57282.0,1.0,0.0,
1398,653247.0,1.0,0.0,
1399,64682.0,1.0,0.0,
1400,9037.0,1.0,0.0,342.9
1401,376940.0,1.0,0.0,
1402,2157.0,1.0,0.0,347.6
1403,84435.0,1.0,0.0,
1404,6257.0,1.0,0.0,
1405,114.0,1.0,0.0,559.8
1406,10171.0,1.0,0.0,
1407,4212.0,1.0,0.0,
1408,27240.0,1.0,0.0,
1409,221302.0,1.0,0.0,
1410,64332.0,1.0,0.0,
1411,25782.0,1.0,0.0,
1412,6455.0,1.0,0.0,
1413,374879.0,1.0,0.0,
1414,647024.0,1.0,0.0,
1415,117247.0,1.0,0.0,
1416,10735.0,1.0,0.0,
1417,1819.0,1.0,0.0,
1418,5913.0,1.0,0.0,
1419,27125.0,1.0,0.0,
1420,8694.0,1.0,0.0,
1421,51703.0,1.0,0.0,
1422,131578.0,1.0,0.0,
1423,92667.0,1.0,0.0,
1424,2557.0,1.0,0.0,
1425,1000.0,1.0,0.0,
1426,540.0,1.0,0.0,284.6
1427,10753.0,1.0,0.0,217.0
1428,23043.0,1.0,0.0,
1429,27141.0,1.0,0.0,
1430,57862.0,1.0,0.0,
1431,3858.0,1.0,0.0,
1432,143884.0,1.0,0.0,
1433,10767.0,1.0,0.0,630.1
1434,23063.0,1.0,0.0,
1435,55833.0,1.0,0.0,
1436,285311.0,1.0,0.0,
1437,10013.0,1.0,0.0,
1438,23019.0,1.0,0.0,942.9
1439,138724.0,1.0,0.0,
1440,51663.0,1.0,0.0,
1441,139728.0,1.0,0.0,440.3
1442,84433.0,1.0,0.0,
1443,55763.0,1.0,0.0,
1444,468.0,1.0,0.0,
1445,22997.0,1.0,0.0,
1446,131544.0,1.0,0.0,
1447,2521.0,1.0,0.0,
1448,55771.0,1.0,0.0,
1449,80349.0,1.0,0.0,
1450,478.0,1.0,0.0,1215.8
1451,150365.0,1.0,0.0,
1452,91775.0,1.0,0.0,
1453,54707.0,1.0,0.0,
1454,10049.0,1.0,0.0,
1455,150274.0,1.0,0.0,
1456,27109.0,1.0,0.0,
1457,5921.0,1.0,0.0,953.8
1458,10015.0,1.0,0.0,
1459,23067.0,1.0,0.0,
1460,55837.0,1.0,0.0,
1461,28986.0,1.0,0.0,
1462,51667.0,1.0,0.0,
1463,83715.0,1.0,0.0,
1464,84891.0,1.0,0.0,
1465,6729.0,1.0,0.0,
1466,6940.0,1.0,0.0,
1467,399949.0,1.0,0.0,
1468,590.0,1.0,0.0,
1469,55889.0,1.0,0.0,
1470,4692.0,1.0,0.0,
1471,154197.0,1.0,0.0,34.9
1472,9967.0,1.0,0.0,
1473,10783.0,1.0,0.0,
1474,2651.0,1.0,0.0,
1475,6749.0,1.0,0.0,
1476,170692.0,1.0,0.0,38.5
1477,6934.0,1.0,0.0,963.2
1478,168544.0,1.0,0.0,
1479,64097.0,1.0,0.0,
1480,1785.0,1.0,0.0,781.2
1481,113251.0,1.0,0.0,
1482,222967.0,1.0,0.0,
1483,2113.0,1.0,0.0,1156.4
1484,23105.0,1.0,0.0,
1485,4670.0,1.0,0.0,
1486,84541.0,1.0,0.0,66.6
1487,5901.0,1.0,0.0,
1488,3850.0,1.0,0.0,
1489,285195.0,1.0,0.0,
1490,23077.0,1.0,0.0,828.4
1491,10791.0,1.0,0.0,
1492,440073.0,1.0,0.0,
1493,26469.0,1.0,0.0,
1494,51755.0,1.0,0.0,
1495,90668.0,1.0,0.0,
1496,84525.0,1.0,0.0,
1497,91.0,1.0,0.0,
1498,54551.0,1.0,0.0,
1499,6942.0,1.0,0.0,214.9
1500,79623.0,1.0,0.0,97.5
1501,9989.0,1.0,0.0,
1502,127544.0,1.0,0.0,
1503,11188.0,1.0,0.0,279.2
1504,4666.0,1.0,0.0,1296.6
1505,572.0,1.0,0.0,
1506,57126.0,1.0,0.0,
1507,10025.0,1.0,0.0,87.1
1508,374920.0,1.0,0.0,
1509,222389.0,1.0,0.0,70.8
1510,342371.0,1.0,0.0,
1511,5979.0,1.0,0.0,859.7
1512,3930.0,1.0,0.0,
1513,80233.0,1.0,0.0,
1514,165721.0,1.0,0.0,
1515,8556.0,1.0,0.0,
1516,84333.0,1.0,0.0,
1517,6511.0,1.0,0.0,11.0
1518,368.0,1.0,0.0,
1519,55667.0,1.0,0.0,30.7
1520,153745.0,1.0,0.0,
1521,8564.0,1.0,0.0,
1522,56922.0,1.0,0.0,
1523,399687.0,1.0,0.0,
1524,390999.0,1.0,0.0,
1525,27005.0,1.0,0.0,
1526,56829.0,1.0,0.0,
1527,10623.0,1.0,0.0,
1528,5971.0,1.0,0.0,
1529,27287.0,1.0,0.0,
1530,729440.0,1.0,0.0,
1531,1553.0,1.0,0.0,28.6
1532,282974.0,1.0,0.0,
1533,85444.0,1.0,0.0,170.8
1534,27120.0,1.0,0.0,
1535,7066.0,1.0,0.0,
1536,57662.0,1.0,0.0,
1537,8514.0,1.0,0.0,
1538,79725.0,1.0,0.0,
1539,284521.0,1.0,0.0,
1540,80199.0,1.0,0.0,
1541,57192.0,1.0,0.0,
1542,330.0,1.0,0.0,
1543,128366.0,1.0,0.0,
1544,139596.0,1.0,0.0,
1545,79717.0,1.0,0.0,
1546,10575.0,1.0,0.0,
1547,56478.0,1.0,0.0,
1548,11060.0,1.0,0.0,
1549,8034.0,1.0,0.0,
1550,25962.0,1.0,0.0,
1551,23187.0,1.0,0.0,
1552,817.0,1.0,0.0,
1553,170371.0,1.0,0.0,
1554,79695.0,1.0,0.0,213.8
1555,219527.0,1.0,0.0,28.6
1556,5715.0,1.0,0.0,
1557,10667.0,1.0,0.0,
1558,143630.0,1.0,0.0,
1559,55729.0,1.0,0.0,
1560,5700.0,1.0,0.0,
1561,92979.0,1.0,0.0,
1562,55735.0,1.0,0.0,414.1
1563,79665.0,1.0,0.0,
1564,57136.0,1.0,0.0,
1565,2491.0,1.0,0.0,
1566,79663.0,1.0,0.0,
1567,55181.0,1.0,0.0,
1568,65982.0,1.0,0.0,
1569,92609.0,1.0,0.0,
1570,144535.0,1.0,0.0,
1571,91949.0,1.0,0.0,
1572,4548.0,1.0,0.0,
1573,27077.0,1.0,0.0,
1574,57798.0,1.0,0.0,
1575,22983.0,1.0,0.0,669.6
1576,4522.0,1.0,0.0,1339.2
1577,10043.0,1.0,0.0,
1578,22921.0,1.0,0.0,
1579,373156.0,1.0,0.0,
1580,51021.0,1.0,0.0,
1581,27019.0,1.0,0.0,
1582,100996939.0,1.0,0.0,
1583,80205.0,1.0,0.0,1108.0
1584,3914.0,1.0,0.0,
1585,29072.0,1.0,0.0,791.7
1586,9751.0,1.0,0.0,
1587,403273.0,1.0,0.0,
1588,92.0,1.0,0.0,1139.2
1589,346517.0,1.0,0.0,
1590,3910.0,1.0,0.0,440.3
1591,79685.0,1.0,0.0,
1592,63897.0,1.0,0.0,351.4
1593,57154.0,1.0,0.0,
1594,55105.0,1.0,0.0,
1595,23344.0,1.0,0.0,
1596,414.0,1.0,0.0,
1597,55103.0,1.0,0.0,
1598,9099.0,1.0,0.0,405.2
1599,64761.0,1.0,0.0,655.1
1600,29964.0,1.0,0.0,923.4
1601,29948.0,1.0,0.0,
1602,342184.0,1.0,0.0,
1603,11056.0,1.0,0.0,
1604,130612.0,1.0,0.0,
1605,192669.0,1.0,0.0,
1606,6304.0,1.0,0.0,
1607,2210.0,1.0,0.0,
1608,8355.0,1.0,0.0,
1609,57509.0,1.0,0.0,157.7
1610,29855.0,1.0,0.0,
1611,84135.0,1.0,0.0,
1612,4723.0,1.0,0.0,
1613,58517.0,1.0,0.0,
1614,10410.0,1.0,0.0,
1615,84144.0,1.0,0.0,
1616,57521.0,1.0,0.0,
1617,10418.0,1.0,0.0,
1618,6326.0,1.0,0.0,
1619,282809.0,1.0,0.0,
1620,10426.0,1.0,0.0,
1621,6332.0,1.0,0.0,
1622,250.0,1.0,0.0,
1623,84461.0,1.0,0.0,
1624,80169.0,1.0,0.0,
1625,1185.0,1.0,0.0,
1626,10388.0,1.0,0.0,
1627,2158.0,1.0,0.0,176.6
1628,30832.0,1.0,0.0,
1629,329.0,1.0,0.0,
1630,259239.0,1.0,0.0,
1631,6262.0,1.0,0.0,819.7
1632,10360.0,1.0,0.0,
1633,8313.0,1.0,0.0,194.3
1634,53373.0,1.0,0.0,
1635,4851.0,1.0,0.0,1426.4
1636,30850.0,1.0,0.0,
1637,6480.0,1.0,0.0,
1638,51332.0,1.0,0.0,
1639,27254.0,1.0,0.0,
1640,196743.0,1.0,0.0,
1641,2184.0,1.0,0.0,
1642,8329.0,1.0,0.0,
1643,23189.0,1.0,0.0,1018.8
1644,80012.0,1.0,0.0,
1645,57696.0,1.0,0.0,
1646,1175.0,1.0,0.0,
1647,78995.0,1.0,0.0,
1648,6252.0,1.0,0.0,
1649,64106.0,1.0,0.0,
1650,50624.0,1.0,0.0,
1651,55709.0,1.0,0.0,
1652,4343.0,1.0,0.0,
1653,4209.0,1.0,0.0,
1654,80122.0,1.0,0.0,731.3
1655,10492.0,1.0,0.0,
1656,319089.0,1.0,0.0,
1657,7286.0,1.0,0.0,
1658,259.0,1.0,0.0,
1659,10856.0,1.0,0.0,
1660,60560.0,1.0,0.0,
1661,338872.0,1.0,0.0,
1662,7278.0,1.0,0.0,1419.3
1663,2314.0,1.0,0.0,440.7
1664,57611.0,1.0,0.0,
1665,2046.0,1.0,0.0,
1666,729359.0,1.0,0.0,208.1
1667,80144.0,1.0,0.0,882.0
1668,2322.0,1.0,0.0,
1669,55572.0,1.0,0.0,
1670,126541.0,1.0,0.0,
1671,80108.0,1.0,0.0,
1672,30817.0,1.0,0.0,101.6
1673,23034.0,1.0,0.0,
1674,199713.0,1.0,0.0,
1675,4297.0,1.0,0.0,517.7
1676,1163.0,1.0,0.0,
1677,7306.0,1.0,0.0,
1678,57553.0,1.0,0.0,
1679,23148.0,1.0,0.0,
1680,83479.0,1.0,0.0,
1681,146562.0,1.0,0.0,
1682,55512.0,1.0,0.0,
1683,390271.0,1.0,0.0,
1684,7294.0,1.0,0.0,
1685,57565.0,1.0,0.0,334.4
1686,157922.0,1.0,0.0,
1687,57571.0,1.0,0.0,
1688,10468.0,1.0,0.0,
1689,4325.0,1.0,0.0,
1690,5356.0,1.0,0.0,
1691,57575.0,1.0,0.0,
1692,284904.0,1.0,0.0,1061.9
1693,109.0,1.0,0.0,128.9
1694,3708.0,1.0,0.0,1029.3
1695,279.0,1.0,0.0,
1696,9846.0,1.0,0.0,
1697,10208.0,1.0,0.0,
1698,79844.0,1.0,0.0,
1699,51174.0,1.0,0.0,
1700,4956.0,1.0,0.0,
1701,5335.0,1.0,0.0,1188.8
1702,22871.0,1.0,0.0,
1703,151531.0,1.0,0.0,
1704,57325.0,1.0,0.0,
1705,284418.0,1.0,0.0,
1706,282617.0,1.0,0.0,
1707,79987.0,1.0,0.0,608.8
1708,51194.0,1.0,0.0,
1709,9429.0,1.0,0.0,
1710,10238.0,1.0,0.0,
1711,7380.0,1.0,0.0,
1712,64714.0,1.0,0.0,
1713,348158.0,1.0,0.0,
1714,374786.0,1.0,0.0,
1715,378884.0,1.0,0.0,
1716,253959.0,1.0,0.0,
1717,140699.0,1.0,0.0,
1718,79834.0,1.0,0.0,
1719,387032.0,1.0,0.0,
1720,4053.0,1.0,0.0,311.4
1721,139189.0,1.0,0.0,
1722,6782.0,1.0,0.0,
1723,81847.0,1.0,0.0,294.5
1724,653240.0,1.0,0.0,
1725,11190.0,1.0,0.0,468.7
1726,23164.0,1.0,0.0,
1727,23780.0,1.0,0.0,
1728,133060.0,1.0,0.0,
1729,170960.0,1.0,0.0,
1730,59336.0,1.0,0.0,
1731,1994.0,1.0,0.0,
1732,79820.0,1.0,0.0,
1733,54499.0,1.0,0.0,
1734,442319.0,1.0,0.0,
1735,11214.0,1.0,0.0,717.6
1736,23770.0,1.0,0.0,
1737,51154.0,1.0,0.0,
1738,4051.0,1.0,0.0,
1739,5337.0,1.0,0.0,
1740,9231.0,1.0,0.0,623.2
1741,84674.0,1.0,0.0,157.2
1742,631.0,1.0,0.0,
1743,374864.0,1.0,0.0,
1744,4214.0,1.0,0.0,
1745,25791.0,1.0,0.0,163.9
1746,280636.0,1.0,0.0,
1747,92293.0,1.0,0.0,
1748,6206.0,1.0,0.0,1170.7
1749,84034.0,1.0,0.0,
1750,5142.0,1.0,0.0,
1751,348235.0,1.0,0.0,
1752,389197.0,1.0,0.0,
1753,374868.0,1.0,0.0,370.7
1754,55308.0,1.0,0.0,
1755,388284.0,1.0,0.0,
1756,1003.0,1.0,0.0,
1757,10055.0,1.0,0.0,
1758,9401.0,1.0,0.0,
1759,54453.0,1.0,0.0,
1760,84068.0,1.0,0.0,
1761,2150.0,1.0,0.0,
1762,4199.0,1.0,0.0,
1763,116840.0,1.0,0.0,
1764,55346.0,1.0,0.0,
1765,4145.0,1.0,0.0,
1766,47.0,1.0,0.0,
1767,5728.0,1.0,0.0,1327.3
1768,27159.0,1.0,0.0,
1769,5197.0,1.0,0.0,
1770,7366.0,1.0,0.0,
1771,83986.0,1.0,0.0,
1772,6813.0,1.0,0.0,
1773,55316.0,1.0,0.0,
1774,5317.0,1.0,0.0,
1775,490.0,1.0,0.0,
1776,90139.0,1.0,0.0,
1777,9411.0,1.0,0.0,286.2
1778,51232.0,1.0,0.0,
1779,26270.0,1.0,0.0,
1780,51234.0,1.0,0.0,
1781,4131.0,1.0,0.0,1011.3
1782,10276.0,1.0,0.0,
1783,285672.0,1.0,0.0,
1784,26664.0,1.0,0.0,
1785,5732.0,1.0,0.0,
1786,136227.0,1.0,0.0,
1787,125206.0,1.0,0.0,
1788,7276.0,1.0,0.0,
1789,79794.0,1.0,0.0,
1790,57829.0,1.0,0.0,
1791,22998.0,1.0,0.0,
1792,139735.0,1.0,0.0,
1793,57817.0,1.0,0.0,
1794,9887.0,1.0,0.0,506.4
1795,10716.0,1.0,0.0,
1796,90529.0,1.0,0.0,
1797,6624.0,1.0,0.0,
1798,55778.0,1.0,0.0,
1799,10724.0,1.0,0.0,
1800,10826.0,1.0,0.0,
1801,55800.0,1.0,0.0,33.4
1802,11336.0,1.0,0.0,
1803,26261.0,1.0,0.0,
1804,56288.0,1.0,0.0,858.7
1805,199692.0,1.0,0.0,
1806,23022.0,1.0,0.0,
1807,10946.0,1.0,0.0,
1808,285172.0,1.0,0.0,
1809,23560.0,1.0,0.0,1448.8
1810,6646.0,1.0,0.0,928.2
1811,10060.0,1.0,0.0,120.5
1812,22996.0,1.0,0.0,
1813,3656.0,1.0,0.0,
1814,375759.0,1.0,0.0,
1815,57666.0,1.0,0.0,
1816,10678.0,1.0,0.0,
1817,4535.0,1.0,0.0,
1818,2488.0,1.0,0.0,
1819,4194.0,1.0,0.0,
1820,80314.0,1.0,0.0,
1821,7204.0,1.0,0.0,1171.9
1822,29117.0,1.0,0.0,
1823,27072.0,1.0,0.0,
1824,388552.0,1.0,0.0,
1825,27336.0,1.0,0.0,
1826,22982.0,1.0,0.0,692.2
1827,8647.0,1.0,0.0,682.3
1828,1059.0,1.0,0.0,
1829,22986.0,1.0,0.0,644.8
1830,150094.0,1.0,0.0,761.6
1831,80332.0,1.0,0.0,
1832,414157.0,1.0,0.0,
1833,463.0,1.0,0.0,679.4
1834,23558.0,1.0,0.0,
1835,64072.0,1.0,0.0,317.7
1836,9253.0,1.0,0.0,
1837,8747.0,1.0,0.0,
1838,6688.0,1.0,0.0,
1839,1017.0,1.0,0.0,
1840,84514.0,1.0,0.0,
1841,139324.0,1.0,0.0,
1842,1015.0,1.0,0.0,
1843,55656.0,1.0,0.0,
1844,23078.0,1.0,0.0,
1845,6720.0,1.0,0.0,
1846,219736.0,1.0,0.0,
1847,27180.0,1.0,0.0,
1848,8701.0,1.0,0.0,167.1
1849,55854.0,1.0,0.0,
1850,125488.0,1.0,0.0,221.4
1851,93166.0,1.0,0.0,
1852,55870.0,1.0,0.0,354.3
1853,6708.0,1.0,0.0,401.0
1854,23530.0,1.0,0.0,
1855,567.0,1.0,0.0,
1856,23528.0,1.0,0.0,
1857,85377.0,1.0,0.0,
1858,51742.0,1.0,0.0,
1859,259287.0,1.0,0.0,
1860,4673.0,1.0,0.0,1370.5
1861,539.0,1.0,0.0,
1862,23554.0,1.0,0.0,
1863,2196.0,1.0,0.0,137.4
1864,84063.0,1.0,0.0,
1865,168451.0,1.0,0.0,
1866,6660.0,1.0,0.0,
1867,517.0,1.0,0.0,
1868,7367.0,1.0,0.0,480.4
1869,55818.0,1.0,0.0,440.3
1870,23234.0,1.0,0.0,
1871,90637.0,1.0,0.0,
1872,5119.0,1.0,0.0,
1873,221711.0,1.0,0.0,
1874,10768.0,1.0,0.0,
1875,4627.0,1.0,0.0,
1876,6676.0,1.0,0.0,
1877,27131.0,1.0,0.0,
1878,147991.0,1.0,0.0,
1879,23064.0,1.0,0.0,68.0
1880,84988.0,1.0,0.0,
1881,80306.0,1.0,0.0,
1882,55728.0,1.0,0.0,
1883,6426.0,1.0,0.0,
1884,84304.0,1.0,0.0,
1885,65266.0,1.0,0.0,452.6
1886,338699.0,1.0,0.0,104.5
1887,5211.0,1.0,0.0,
1888,23269.0,1.0,0.0,
1889,29785.0,1.0,0.0,
1890,390231.0,1.0,0.0,
1891,3158.0,1.0,0.0,
1892,6476.0,1.0,0.0,
1893,80206.0,1.0,0.0,14.3
1894,337.0,1.0,0.0,211.1
1895,29775.0,1.0,0.0,524.7
1896,10335.0,1.0,0.0,
1897,5205.0,1.0,0.0,
1898,51542.0,1.0,0.0,
1899,55904.0,1.0,0.0,195.1
1900,22872.0,1.0,0.0,
1901,22874.0,1.0,0.0,
1902,57691.0,1.0,0.0,
1903,37.0,1.0,0.0,
1904,6494.0,1.0,0.0,
1905,51430.0,1.0,0.0,
1906,6462.0,1.0,0.0,
1907,5213.0,1.0,0.0,
1908,22995.0,1.0,0.0,346.0
1909,151835.0,1.0,0.0,
1910,57631.0,1.0,0.0,
1911,6754.0,1.0,0.0,
1912,10905.0,1.0,0.0,
1913,293.0,1.0,0.0,
1914,23654.0,1.0,0.0,
1915,84264.0,1.0,0.0,
1916,6442.0,1.0,0.0,
1917,8491.0,1.0,0.0,
1918,55596.0,1.0,0.0,
1919,7158.0,1.0,0.0,522.0
1920,3170.0,1.0,0.0,
1921,5580.0,1.0,0.0,
1922,10014.0,1.0,0.0,579.2
1923,80178.0,1.0,0.0,
1924,83741.0,1.0,0.0,
1925,643812.0,1.0,0.0,
1926,309.0,1.0,0.0,
1927,57659.0,1.0,0.0,
1928,1105.0,1.0,0.0,
1929,128077.0,1.0,0.0,
1930,9968.0,1.0,0.0,
1931,140612.0,1.0,0.0,
1932,8793.0,1.0,0.0,
1933,80274.0,1.0,0.0,90.9
1934,10644.0,1.0,0.0,
1935,26528.0,1.0,0.0,
1936,8507.0,1.0,0.0,
1937,8601.0,1.0,0.0,
1938,440730.0,1.0,0.0,
1939,79412.0,1.0,0.0,
1940,84315.0,1.0,0.0,
1941,415.0,1.0,0.0,153.4
1942,22882.0,1.0,0.0,
1943,7399.0,1.0,0.0,172.6
1944,23475.0,1.0,0.0,
1945,8611.0,1.0,0.0,
1946,131669.0,1.0,0.0,
1947,246181.0,1.0,0.0,
1948,129446.0,1.0,0.0,
1949,353323.0,1.0,0.0,
1950,219954.0,1.0,0.0,
1951,80298.0,1.0,0.0,
1952,3134.0,1.0,0.0,
1953,23616.0,1.0,0.0,
1954,55690.0,1.0,0.0,
1955,51592.0,1.0,0.0,
1956,6502.0,1.0,0.0,
1957,158056.0,1.0,0.0,
1958,2633.0,1.0,0.0,
1959,57711.0,1.0,0.0,
1960,643677.0,1.0,0.0,
1961,2677.0,1.0,0.0,
1962,55666.0,1.0,0.0,
1963,5189.0,1.0,0.0,
1964,23130.0,1.0,0.0,56.6
1965,84342.0,1.0,0.0,
1966,199746.0,1.0,0.0,
1967,8573.0,1.0,0.0,
1968,9961.0,1.0,0.0,
1969,123263.0,1.0,0.0,
1970,140893.0,1.0,0.0,
1971,55684.0,1.0,0.0,49.2
1972,57733.0,1.0,0.0,
1973,55686.0,1.0,0.0,
1974,29063.0,1.0,0.0,
1975,7402.0,1.0,0.0,
1976,4017.0,1.0,0.0,594.6
1977,388610.0,1.0,0.0,
1978,732.0,1.0,0.0,
1979,85406.0,1.0,0.0,
1980,119692.0,1.0,0.0,125.1
1981,5588.0,1.0,0.0,
1982,1435.0,1.0,0.0,
1983,3482.0,1.0,0.0,266.6
1984,5592.0,1.0,0.0,1026.3
1985,1500.0,1.0,0.0,
1986,50831.0,1.0,0.0,
1987,26009.0,1.0,0.0,
1988,54760.0,1.0,0.0,
1989,9730.0,1.0,0.0,
1990,84311.0,1.0,0.0,
1991,65003.0,1.0,0.0,
1992,1436.0,1.0,0.0,
1993,126326.0,1.0,0.0,188.0
1994,7665.0,1.0,0.0,
1995,2650.0,1.0,0.0,
1996,7566.0,1.0,0.0,
1997,130557.0,1.0,0.0,
1998,91646.0,1.0,0.0,
1999,84285.0,1.0,0.0,
2000,146850.0,1.0,0.0,
2001,10350.0,1.0,0.0,114.1
2002,114790.0,1.0,0.0,
2003,90799.0,1.0,0.0,
2004,137902.0,1.0,0.0,33.0
2005,5555.0,1.0,0.0,
2006,64943.0,1.0,0.0,
2007,54704.0,1.0,0.0,593.9
2008,400818.0,1.0,0.0,
2009,9654.0,1.0,0.0,
2010,51676.0,1.0,0.0,
2011,1464.0,1.0,0.0,371.4
2012,100287932.0,1.0,0.0,
2013,4779.0,1.0,0.0,
2014,255403.0,1.0,0.0,
2015,340267.0,1.0,0.0,
2016,9670.0,1.0,0.0,
2017,126374.0,1.0,0.0,
2018,90865.0,1.0,0.0,
2019,7625.0,1.0,0.0,523.4
2020,26058.0,1.0,0.0,574.7
2021,130507.0,1.0,0.0,
2022,1536.0,1.0,0.0,
2023,3587.0,1.0,0.0,
2024,126375.0,1.0,0.0,405.1
2025,400966.0,1.0,0.0,
2026,26164.0,1.0,0.0,
2027,115361.0,1.0,0.0,
2028,441911.0,1.0,0.0,
2029,146802.0,1.0,0.0,
2030,6601.0,1.0,0.0,1424.5
2031,7739.0,1.0,0.0,
2032,200576.0,1.0,0.0,
2033,6098.0,1.0,0.0,1221.6
2034,10910.0,1.0,0.0,
2035,54848.0,1.0,0.0,
2036,9611.0,1.0,0.0,659.6
2037,6657.0,1.0,0.0,
2038,5291.0,1.0,0.0,
2039,54856.0,1.0,0.0,68.1
2040,30849.0,1.0,0.0,
2041,64108.0,1.0,0.0,
2042,4589.0,1.0,0.0,165.6
2043,1616.0,1.0,0.0,
2044,24145.0,1.0,0.0,
2045,374354.0,1.0,0.0,
2046,3635.0,1.0,0.0,854.0
2047,169522.0,1.0,0.0,528.6
2048,339318.0,1.0,0.0,
2049,9774.0,1.0,0.0,511.2
2050,80031.0,1.0,0.0,
2051,3593.0,1.0,0.0,
2052,80834.0,1.0,0.0,
2053,7693.0,1.0,0.0,
2054,23256.0,1.0,0.0,
2055,728741.0,1.0,0.0,
2056,27189.0,1.0,0.0,
2057,253461.0,1.0,0.0,
2058,93986.0,1.0,0.0,
2059,5507.0,1.0,0.0,
2060,116328.0,1.0,0.0,
2061,23331.0,1.0,0.0,
2062,80333.0,1.0,0.0,971.0
2063,85376.0,1.0,0.0,
2064,1572.0,1.0,0.0,
2065,5046.0,1.0,0.0,
2066,9766.0,1.0,0.0,
2067,5982.0,1.0,0.0,
2068,65065.0,1.0,0.0,
2069,2068.0,1.0,0.0,
2070,57473.0,1.0,0.0,684.5
2071,3416.0,1.0,0.0,
2072,8767.0,1.0,0.0,
2073,5420.0,1.0,0.0,32.5
2074,5422.0,1.0,0.0,
2075,404785.0,1.0,0.0,
2076,27328.0,1.0,0.0,
2077,1521.0,1.0,0.0,
2078,9711.0,1.0,0.0,
2079,3383.0,1.0,0.0,732.0
2080,128312.0,1.0,0.0,
2081,7799.0,1.0,0.0,111.8
2082,139804.0,1.0,0.0,
2083,4780.0,1.0,0.0,
2084,57647.0,1.0,0.0,1142.2
2085,25924.0,1.0,0.0,
2086,441669.0,1.0,0.0,
2087,9542.0,1.0,0.0,
2088,27324.0,1.0,0.0,
2089,91464.0,1.0,0.0,
2090,7094.0,1.0,0.0,607.0
2091,23224.0,1.0,0.0,285.0
2092,9550.0,1.0,0.0,
2093,25896.0,1.0,0.0,
2094,25894.0,1.0,0.0,
2095,25818.0,1.0,0.0,
2096,339448.0,1.0,0.0,
2097,9470.0,1.0,0.0,
2098,11168.0,1.0,0.0,
2099,154881.0,1.0,0.0,
2100,9480.0,1.0,0.0,
2101,54538.0,1.0,0.0,
2102,123879.0,1.0,0.0,
2103,1537.0,1.0,0.0,
2104,1296.0,1.0,0.0,
2105,644168.0,1.0,0.0,
2106,219793.0,1.0,0.0,
2107,29974.0,1.0,0.0,
2108,124411.0,1.0,0.0,
2109,144108.0,1.0,0.0,
2110,83449.0,1.0,0.0,
2111,55068.0,1.0,0.0,
2112,5408.0,1.0,0.0,
2113,3361.0,1.0,0.0,1.7
2114,1314.0,1.0,0.0,
2115,146723.0,1.0,0.0,
2116,9699.0,1.0,0.0,946.6
2117,56659.0,1.0,0.0,
2118,55272.0,1.0,0.0,
2119,27316.0,1.0,0.0,
2120,80139.0,1.0,0.0,
2121,222663.0,1.0,0.0,
2122,25992.0,1.0,0.0,
2123,54984.0,1.0,0.0,
2124,1418.0,1.0,0.0,
2125,7620.0,1.0,0.0,
2126,26000.0,1.0,0.0,
2127,140739.0,1.0,0.0,
2128,3475.0,1.0,0.0,732.9
2129,117608.0,1.0,0.0,
2130,54439.0,1.0,0.0,
2131,64327.0,1.0,0.0,
2132,85440.0,1.0,0.0,247.3
2133,26010.0,1.0,0.0,
2134,26047.0,1.0,0.0,
2135,5532.0,1.0,0.0,
2136,5536.0,1.0,0.0,
2137,85409.0,1.0,0.0,
2138,5565.0,1.0,0.0,
2139,93034.0,1.0,0.0,
2140,64897.0,1.0,0.0,
2141,126410.0,1.0,0.0,
2142,286077.0,1.0,0.0,
2143,5108.0,1.0,0.0,303.3
2144,1366.0,1.0,0.0,
2145,3376.0,1.0,0.0,1404.0
2146,5464.0,1.0,0.0,
2147,389860.0,1.0,0.0,
2148,9693.0,1.0,0.0,
2149,1378.0,1.0,0.0,
2150,56675.0,1.0,0.0,
2151,1380.0,1.0,0.0,
2152,4640.0,1.0,0.0,
2153,341350.0,1.0,0.0,68.7
2154,26341.0,1.0,0.0,
2155,1384.0,1.0,0.0,
2156,9578.0,1.0,0.0,756.2
2157,1388.0,1.0,0.0,
2158,5049.0,1.0,0.0,
2159,339416.0,1.0,0.0,
2160,5591.0,1.0,0.0,1058.6
2161,57544.0,1.0,0.0,
2162,7547.0,1.0,0.0,
2163,23190.0,1.0,0.0,
2164,161742.0,1.0,0.0,
2165,79792.0,1.0,0.0,
2166,51012.0,1.0,0.0,
2167,3891.0,1.0,0.0,358.3
2168,10036.0,1.0,0.0,
2169,4363.0,1.0,0.0,
2170,55094.0,1.0,0.0,
2171,1291.0,1.0,0.0,
2172,3105.0,1.0,0.0,770.4
2173,51008.0,1.0,0.0,
2174,401409.0,1.0,0.0,
2175,51078.0,1.0,0.0,
2176,1287.0,1.0,0.0,1020.7
2177,23498.0,1.0,0.0,
2178,3911.0,1.0,0.0,1093.8
2179,55112.0,1.0,0.0,
2180,7430.0,1.0,0.0,
2181,5962.0,1.0,0.0,
2182,388939.0,1.0,0.0,
2183,55116.0,1.0,0.0,
2184,5966.0,1.0,0.0,
2185,1774.0,1.0,0.0,
2186,55124.0,1.0,0.0,
2187,1842.0,1.0,0.0,
2188,1840.0,1.0,0.0,564.5
2189,1776.0,1.0,0.0,129.1
2190,2768.0,1.0,0.0,
2191,3839.0,1.0,0.0,
2192,9499.0,1.0,0.0,
2193,3843.0,1.0,0.0,
2194,222487.0,1.0,0.0,28.0
2195,23253.0,1.0,0.0,
2196,728841.0,1.0,0.0,
2197,1802.0,1.0,0.0,
2198,2865.0,1.0,0.0,
2199,84561.0,1.0,0.0,
2200,644041.0,1.0,0.0,
2201,81689.0,1.0,0.0,
2202,5916.0,1.0,0.0,
2203,1822.0,1.0,0.0,1264.3
2204,51176.0,1.0,0.0,
2205,3346.0,1.0,0.0,
2206,81282.0,1.0,0.0,
2207,129684.0,1.0,0.0,
2208,22876.0,1.0,0.0,335.1
2209,83752.0,1.0,0.0,
2210,51030.0,1.0,0.0,
2211,60676.0,1.0,0.0,198.3
2212,5884.0,1.0,0.0,
2213,6046.0,1.0,0.0,878.2
2214,639.0,1.0,0.0,
2215,5365.0,1.0,0.0,371.6
2216,1936.0,1.0,0.0,
2217,136306.0,1.0,0.0,23.0
2218,85416.0,1.0,0.0,
2219,83862.0,1.0,0.0,
2220,727800.0,1.0,0.0,
2221,51098.0,1.0,0.0,
2222,51100.0,1.0,0.0,
2223,3312.0,1.0,0.0,1969.1
2224,29953.0,1.0,0.0,132.9
2225,343035.0,1.0,0.0,
2226,1263.0,1.0,0.0,
2227,10430.0,1.0,0.0,
2228,4007.0,1.0,0.0,
2229,79784.0,1.0,0.0,1001.3
2230,55210.0,1.0,0.0,
2231,149420.0,1.0,0.0,
2232,55128.0,1.0,0.0,
2233,81839.0,1.0,0.0,
2234,54521.0,1.0,0.0,
2235,2638.0,1.0,0.0,
2236,55174.0,1.0,0.0,
2237,401285.0,1.0,0.0,
2238,55130.0,1.0,0.0,
2239,5980.0,1.0,0.0,712.0
2240,8029.0,1.0,0.0,868.7
2241,10078.0,1.0,0.0,
2242,220416.0,1.0,0.0,
2243,1890.0,1.0,0.0,
2244,9283.0,1.0,0.0,
2245,54596.0,1.0,0.0,
2246,79101.0,1.0,0.0,
2247,93436.0,1.0,0.0,
2248,5998.0,1.0,0.0,452.7
2249,51056.0,1.0,0.0,
2250,51058.0,1.0,0.0,
2251,641.0,1.0,0.0,
2252,90525.0,1.0,0.0,
2253,79740.0,1.0,0.0,199.9
2254,27127.0,1.0,0.0,
2255,57215.0,1.0,0.0,126.1
2256,6016.0,1.0,0.0,
2257,92291.0,1.0,0.0,
2258,55034.0,1.0,0.0,
2259,388697.0,1.0,0.0,251.3
2260,54916.0,1.0,0.0,
2261,63035.0,1.0,0.0,129.1
2262,54906.0,1.0,0.0,
2263,140733.0,1.0,0.0,
2264,100132476.0,1.0,0.0,
2265,5447.0,1.0,0.0,
2266,9854.0,1.0,0.0,
2267,161829.0,1.0,0.0,
2268,26240.0,1.0,0.0,
2269,242.0,1.0,0.0,
2270,9862.0,1.0,0.0,
2271,146754.0,1.0,0.0,39.5
2272,81543.0,1.0,0.0,
2273,84229.0,1.0,0.0,
2274,9870.0,1.0,0.0,
2275,51300.0,1.0,0.0,
2276,54930.0,1.0,0.0,
2277,56979.0,1.0,0.0,406.8
2278,54932.0,1.0,0.0,
2279,55628.0,1.0,0.0,
2280,5784.0,1.0,0.0,
2281,54904.0,1.0,0.0,549.5
2282,10664.0,1.0,0.0,523.9
2283,54469.0,1.0,0.0,
2284,132724.0,1.0,0.0,
2285,83546.0,1.0,0.0,
2286,390748.0,1.0,0.0,
2287,140894.0,1.0,0.0,35.8
2288,1823.0,1.0,0.0,
2289,9353.0,1.0,0.0,712.6
2290,7779.0,1.0,0.0,
2291,91748.0,1.0,0.0,
2292,140597.0,1.0,0.0,
2293,1638.0,1.0,0.0,522.5
2294,126567.0,1.0,0.0,
2295,91752.0,1.0,0.0,31.0
2296,136051.0,1.0,0.0,
2297,163154.0,1.0,0.0,
2298,59343.0,1.0,0.0,188.0
2299,10900.0,1.0,0.0,
2300,50507.0,1.0,0.0,
2301,55603.0,1.0,0.0,
2302,3697.0,1.0,0.0,173.0
2303,386674.0,1.0,0.0,
2304,6764.0,1.0,0.0,
2305,90557.0,1.0,0.0,
2306,122809.0,1.0,0.0,
2307,65251.0,1.0,0.0,
2308,3795.0,1.0,0.0,
2309,152519.0,1.0,0.0,
2310,9942.0,1.0,0.0,
2311,655.0,1.0,0.0,
2312,50852.0,1.0,0.0,
2313,653.0,1.0,0.0,
2314,10806.0,1.0,0.0,
2315,79147.0,1.0,0.0,
2316,26338.0,1.0,0.0,
2317,2091.0,1.0,0.0,
2318,81565.0,1.0,0.0,
2319,10786.0,1.0,0.0,
2320,9962.0,1.0,0.0,
2321,64800.0,1.0,0.0,
2322,5870.0,1.0,0.0,
2323,83696.0,1.0,0.0,
2324,65265.0,1.0,0.0,
2325,5874.0,1.0,0.0,
2326,9755.0,1.0,0.0,
2327,1508.0,1.0,0.0,
2328,124626.0,1.0,0.0,
2329,84944.0,1.0,0.0,
2330,3382.0,1.0,0.0,
2331,9928.0,1.0,0.0,233.0
2332,50846.0,1.0,0.0,
2333,9535.0,1.0,0.0,
2334,3747.0,1.0,0.0,
2335,116534.0,1.0,0.0,
2336,81573.0,1.0,0.0,
2337,7480.0,1.0,0.0,
2338,89796.0,1.0,0.0,661.8
2339,7849.0,1.0,0.0,
2340,3755.0,1.0,0.0,
2341,1618.0,1.0,0.0,
2342,57674.0,1.0,0.0,400.5
2343,9855.0,1.0,0.0,
2344,5225.0,1.0,0.0,
2345,23312.0,1.0,0.0,441.1
2346,54970.0,1.0,0.0,
2347,116412.0,1.0,0.0,
2348,89795.0,1.0,0.0,634.0
2349,79159.0,1.0,0.0,
2350,3192.0,1.0,0.0,
2351,23400.0,1.0,0.0,
2352,140453.0,,,100.3
2353,3265.0,,,1824.5
2354,285464.0,,,97.7
2355,7038.0,,,306.5
2356,284802.0,,,111.8
2357,996.0,,,1030.3
2358,94137.0,,,2.8
2359,1770.0,,,178.0
2360,115294.0,,,201.6
2361,2153.0,,,956.1
2362,85301.0,,,
2363,83481.0,,,309.2
2364,4586.0,,,
2365,2904.0,,,604.5
2366,2051.0,,,1035.8
2367,774.0,,,1061.0
2368,7148.0,,,173.2
2369,5781.0,,,1303.5
2370,7011.0,,,242.2
2371,143.0,,,212.7
2372,394263.0,,,
2373,2483.0,,,112.7
2374,388698.0,,,191.6
2375,55814.0,,,557.7
2376,1964.0,,,1445.9
2377,353333.0,,,259.0
2378,83872.0,,,133.8
2379,115701.0,,,34.1
2380,50509.0,,,262.8
2381,26974.0,,,347.3
2382,1176.0,,,611.2
2383,25878.0,,,554.0
2384,84809.0,,,
2385,1114.0,,,101.4
2386,54535.0,,,203.8
2387,2318.0,,,602.6
2388,23524.0,,,659.3
2389,57619.0,,,1004.5
2390,4624.0,,,1192.8
2391,65250.0,,,
2392,2028.0,,,403.7
2393,196385.0,,,22.2
2394,9509.0,,,47.4
2395,6996.0,,,699.5
2396,4638.0,,,1025.8
2397,1778.0,,,999.7
2398,56134.0,,,
2399,7301.0,,,736.4
2400,8735.0,,,1014.6
2401,6560.0,,,104.0
2402,84498.0,,,316.2
2403,8493.0,,,1159.3
2404,55127.0,,,499.8
2405,23353.0,,,518.9
2406,127294.0,,,
2407,55746.0,,,863.7
2408,165140.0,,,1.0
2409,26064.0,,,267.8
2410,9656.0,,,549.8
2411,8546.0,,,709.9
2412,2177.0,,,216.1
2413,79868.0,,,87.0
2414,1130.0,,,537.2
2415,10564.0,,,1125.4
2416,2804.0,,,224.1
2417,5644.0,,,745.8
2418,56097.0,,,
2419,148741.0,,,12.1
2420,667.0,,,707.0
2421,57589.0,,,56.8
2422,26529.0,,,54.3
2423,5670.0,,,42.7
2424,139378.0,,,11.0
2425,20.0,,,194.4
2426,3683.0,,,721.7
2427,54726.0,,,378.9
2428,1282.0,,,1151.1
2429,57188.0,,,83.2
2430,3575.0,,,575.3
2431,10395.0,,,175.1
2432,4215.0,,,1559.0
2433,6908.0,,,1513.1
2434,5545.0,,,58.7
2435,55454.0,,,186.9
2436,7916.0,,,751.9
2437,2316.0,,,1246.0
2438,7576.0,,,
2439,4210.0,,,184.0
2440,9248.0,,,4.0
2441,283130.0,,,96.1
2442,3339.0,,,942.6
2443,32.0,,,1027.0
2444,6840.0,,,285.7
2445,8516.0,,,677.6
2446,1292.0,,,642.8
2447,23002.0,,,89.3
2448,6092.0,,,331.5
2449,8927.0,,,568.0
2450,55567.0,,,48.2
2451,5799.0,,,742.7
2452,127062.0,,,
2453,386679.0,,,253.0
2454,54545.0,,,47.6
2455,207.0,,,1572.9
2456,23334.0,,,45.7
2457,25981.0,,,96.9
2458,6503.0,,,1088.0
2459,1659.0,,,743.2
2460,57482.0,,,
2461,1755.0,,,112.5
2462,57834.0,,,138.1
2463,55534.0,,,192.0
2464,5168.0,,,497.0
2465,171019.0,,,35.0
2466,339829.0,,,
2467,153478.0,,,
2468,5789.0,,,892.4
2469,8857.0,,,426.6
2470,401827.0,,,
2471,93492.0,,,413.2
2472,284058.0,,,399.6
2473,114794.0,,,167.1
2474,29951.0,,,6.8
2475,5286.0,,,383.2
2476,338662.0,,,0.2
2477,6614.0,,,769.5
2478,4621.0,,,1030.8
2479,1788.0,,,386.7
2480,22899.0,,,39.2
2481,5672.0,,,
2482,5606.0,,,764.0
2483,8623.0,,,245.6
2484,1777.0,,,84.5
2485,221223.0,,,14.3
2486,27.0,,,1096.6
2487,64167.0,,,163.7
2488,51196.0,,,354.8
2489,21.0,,,38.7
2490,51586.0,,,693.7
2491,64411.0,,,42.9
2492,1006.0,,,80.4
2493,10840.0,,,588.6
2494,643905.0,,,
2495,79659.0,,,69.9
2496,168507.0,,,66.7
2497,1286.0,,,251.1
2498,56667.0,,,186.1
2499,10579.0,,,388.1
2500,633.0,,,1010.8
2501,80036.0,,,340.6
2502,145508.0,,,138.5
2503,1302.0,,,88.1
2504,4485.0,,,875.6
2505,23533.0,,,124.0
2506,4440.0,,,899.0
2507,55357.0,,,
2508,5294.0,,,952.4
2509,63976.0,,,256.8
2510,1303.0,,,573.5
2511,9563.0,,,492.3
2512,54953.0,,,233.9
2513,56130.0,,,
2514,2200.0,,,737.1
2515,672.0,,,1278.5
2516,5310.0,,,652.0
2517,9172.0,,,397.8
2518,393046.0,,,
2519,90523.0,,,
2520,6731.0,,,1267.5
2521,1107.0,,,465.4
2522,238.0,,,981.8
2523,1523.0,,,814.0
2524,9098.0,,,15.3
2525,2324.0,,,1007.2
2526,138882.0,,,
2527,7143.0,,,111.0
2528,4868.0,,,526.8
2529,7455.0,,,179.5
2530,23211.0,,,
2531,57210.0,,,
2532,5803.0,,,488.1
2533,176.0,,,196.4
2534,4606.0,,,60.8
2535,161394.0,,,35.0
2536,26278.0,,,135.2
2537,23140.0,,,183.5
2538,161176.0,,,178.6
2539,223075.0,,,195.5
2540,327657.0,,,79.8
2541,10343.0,,,88.2
2542,3183.0,,,1042.9
2543,83660.0,,,178.8
2544,55125.0,,,220.8
2545,158471.0,,,1.3
2546,115019.0,,,1.6
2547,9378.0,,,294.1
2548,25861.0,,,141.9
2549,5371.0,,,893.4
2550,55187.0,,,496.6
2551,9154.0,,,36.1
2552,54897.0,,,
2553,4619.0,,,1058.0
2554,64241.0,,,107.7
2555,1501.0,,,789.3
2556,84226.0,,,
2557,394.0,,,499.7
2558,284434.0,,,414.5
2559,127066.0,,,1.4
2560,122622.0,,,1021.0
2561,63926.0,,,
2562,23450.0,,,1175.2
2563,57685.0,,,305.6
2564,158809.0,,,10.0
2565,3782.0,,,326.7
2566,7145.0,,,320.5
2567,7010.0,,,873.6
2568,5475.0,,,728.2
2569,65122.0,,,
2570,57572.0,,,86.8
2571,171389.0,,,9.9
2572,4892.0,,,187.7
2573,374308.0,,,27.7
2574,2802.0,,,256.7
2575,151651.0,,,72.1
2576,5822.0,,,1023.7
2577,390439.0,,,
2578,26005.0,,,145.4
2579,6583.0,,,91.0
2580,6711.0,,,833.1
2581,3083.0,,,162.9
2582,11095.0,,,15.0
2583,84074.0,,,104.5
2584,114795.0,,,
2585,11025.0,,,1017.2
2586,29.0,,,70.5
2587,9278.0,,,691.1
2588,115.0,,,121.7
2589,144132.0,,,38.0
2590,93589.0,,,807.3
2591,79608.0,,,513.4
2592,23151.0,,,175.9
2593,6336.0,,,215.6
2594,1438.0,,,354.6
2595,5802.0,,,1075.4
2596,25956.0,,,324.6
2597,65217.0,,,29.0
2598,3359.0,,,217.2
2599,50944.0,,,480.7
2600,10319.0,,,19.8
2601,477.0,,,793.7
2602,25960.0,,,609.1
2603,6582.0,,,79.4
2604,3547.0,,,784.3
2605,2806.0,,,1120.4
2606,64344.0,,,1312.9
2607,3566.0,,,893.8
2608,25831.0,,,561.6
2609,5013.0,,,486.0
2610,9721.0,,,171.1
2611,442194.0,,,
2612,3908.0,,,687.7
2613,7080.0,,,474.5
2614,9119.0,,,33.9
2615,2185.0,,,927.1
2616,83439.0,,,867.0
2617,5669.0,,,13.6
2618,779.0,,,544.0
2619,27164.0,,,609.6
2620,158326.0,,,110.6
2621,2736.0,,,1273.4
2622,23242.0,,,361.1
2623,7062.0,,,
2624,653319.0,,,13.0
2625,491.0,,,848.3
2626,3101.0,,,1086.0
2627,79142.0,,,
2628,1499.0,,,1574.7
2629,9858.0,,,93.5
2630,219437.0,,,
2631,83550.0,,,
2632,6323.0,,,136.0
2633,22992.0,,,412.3
2634,55799.0,,,479.6
2635,85439.0,,,95.2
2636,339976.0,,,26.1
2637,5364.0,,,427.3
2638,10725.0,,,499.0
2639,26707.0,,,
2640,4862.0,,,403.2
2641,4626.0,,,1055.0
2642,10297.0,,,539.5
2643,11173.0,,,200.8
2644,27153.0,,,5.1
2645,83637.0,,,342.3
2646,51059.0,,,118.8
2647,55153.0,,,1084.7
2648,23563.0,,,68.4
2649,23005.0,,,1082.8
2650,22925.0,,,153.6
2651,3008.0,,,513.3
2652,2906.0,,,694.4
2653,5139.0,,,613.2
2654,11240.0,,,64.9
2655,4298.0,,,155.4
2656,117196.0,,,
2657,421.0,,,253.9
2658,139628.0,,,
2659,5587.0,,,810.4
2660,54795.0,,,25.8
2661,2186.0,,,629.7
2662,57479.0,,,
2663,375056.0,,,73.6
2664,341799.0,,,
2665,283234.0,,,3.8
2666,9672.0,,,1059.6
2667,4137.0,,,1128.0
2668,4810.0,,,40.8
2669,10142.0,,,857.1
2670,7913.0,,,1169.5
2671,259232.0,,,734.6
2672,219417.0,,,
2673,8502.0,,,296.8
2674,7703.0,,,315.8
2675,57540.0,,,
2676,26173.0,,,18.9
2677,23572.0,,,
2678,3120.0,,,834.6
2679,23086.0,,,248.2
2680,215.0,,,368.1
2681,9223.0,,,1782.4
2682,92211.0,,,708.9
2683,952.0,,,811.2
2684,441521.0,,,
2685,4057.0,,,578.5
2686,386680.0,,,253.4
2687,904.0,,,831.2
2688,4261.0,,,707.9
2689,1288.0,,,194.9
2690,337986.0,,,
2691,64377.0,,,
2692,440050.0,,,15.9
2693,10594.0,,,1182.8
2694,11043.0,,,51.2
2695,10144.0,,,162.0
2696,781.0,,,479.7
2697,23522.0,,,264.2
2698,283694.0,,,
2699,134391.0,,,16.2
2700,54777.0,,,
2701,221935.0,,,14.5
2702,3703.0,,,950.6
2703,157285.0,,,
2704,8848.0,,,606.4
2705,8021.0,,,726.1
2706,9757.0,,,166.2
2707,5627.0,,,409.0
2708,283455.0,,,959.4
2709,2916.0,,,168.1
2710,138805.0,,,102.3
2711,26154.0,,,129.1
2712,29946.0,,,120.0
2713,11078.0,,,148.6
2714,3257.0,,,77.1
2715,116113.0,,,48.4
2716,1182.0,,,637.7
2717,1462.0,,,1057.5
2718,7466.0,,,26.2
2719,8202.0,,,830.1
2720,11164.0,,,799.8
2721,4486.0,,,1012.6
2722,8912.0,,,244.2
2723,29123.0,,,443.0
2724,60680.0,,,504.6
2725,25929.0,,,624.2
2726,4940.0,,,481.1
2727,10683.0,,,188.2
2728,8038.0,,,986.7
2729,84225.0,,,139.3
2730,139818.0,,,507.0
2731,10699.0,,,28.3
2732,2532.0,,,149.4
2733,3812.0,,,18.1
2734,4774.0,,,478.4
2735,393.0,,,333.1
2736,9772.0,,,205.5
2737,26040.0,,,38.9
2738,553158.0,,,592.0
2739,1630.0,,,873.9
2740,114026.0,,,348.2
2741,26740.0,,,5.3
2742,283284.0,,,330.2
2743,9091.0,,,73.4
2744,79400.0,,,245.4
2745,54487.0,,,220.5
2746,23037.0,,,79.8
2747,56142.0,,,9.8
2748,4734.0,,,649.6
2749,439915.0,,,98.1
2750,2335.0,,,1192.9
2751,8925.0,,,352.5
2752,399947.0,,,
2753,773.0,,,1217.2
2754,55589.0,,,1063.1
2755,8482.0,,,85.7
2756,606.0,,,
2757,9994.0,,,299.4
2758,3938.0,,,322.4
2759,23091.0,,,349.6
2760,55209.0,,,383.9
2761,125115.0,,,120.6
2762,1269.0,,,2.6
2763,2047.0,,,955.2
2764,23544.0,,,
2765,9590.0,,,799.3
2766,5331.0,,,379.9
2767,390113.0,,,4.6
2768,378938.0,,,
2769,54102.0,,,68.5
2770,221395.0,,,326.4
2771,5858.0,,,140.4
2772,4313.0,,,1075.7
2773,93649.0,,,233.0
2774,25885.0,,,911.9
2775,8295.0,,,1125.8
2776,116931.0,,,459.9
2777,9688.0,,,1038.7
2778,9343.0,,,1001.6
2779,147945.0,,,61.2
2780,57523.0,,,
2781,89876.0,,,36.8
2782,6328.0,,,178.3
2783,108.0,,,31.3
2784,84181.0,,,629.4
2785,29954.0,,,924.2
2786,3054.0,,,938.3
2787,11113.0,,,1006.8
2788,255104.0,,,408.7
2789,9486.0,,,40.7
2790,23352.0,,,828.1
2791,84699.0,,,307.0
2792,58499.0,,,142.8
2793,7058.0,,,809.9
2794,171023.0,,,158.1
2795,80216.0,,,82.0
2796,1009.0,,,583.0
2797,170572.0,,,1.1
2798,53905.0,,,506.9
2799,3617.0,,,741.7
2800,55757.0,,,218.7
2801,202333.0,,,6.8
2802,9332.0,,,1144.1
2803,255101.0,,,212.2
2804,54888.0,,,1769.1
2805,159989.0,,,85.8
2806,3371.0,,,683.1
2807,577.0,,,28.2
2808,64579.0,,,228.7
2809,56980.0,,,113.4
2810,128372.0,,,5.3
2811,57568.0,,,380.9
2812,8312.0,,,504.0
2813,10045.0,,,180.8
2814,22904.0,,,1031.3
2815,3912.0,,,421.2
2816,440533.0,,,
2817,2939.0,,,149.2
2818,196528.0,,,805.7
2819,27074.0,,,417.2
2820,8050.0,,,494.4
2821,1953.0,,,235.9
2822,815.0,,,1090.7
2823,55784.0,,,7.2
2824,57191.0,,,
2825,80700.0,,,631.7
2826,56978.0,,,2.0
2827,55879.0,,,16.7
2828,118611.0,,,
2829,10902.0,,,320.5
2830,414918.0,,,32.7
2831,121512.0,,,71.9
2832,1394.0,,,211.5
2833,401018.0,,,
2834,2891.0,,,498.7
2835,90167.0,,,4.2
2836,10734.0,,,284.1
2837,10237.0,,,856.7
2838,1641.0,,,508.1
2839,4253.0,,,148.5
2840,23268.0,,,244.3
2841,364.0,,,311.1
2842,9515.0,,,
2843,80005.0,,,638.1
2844,23286.0,,,332.0
2845,3603.0,,,634.6
2846,54456.0,,,
2847,84691.0,,,6.2
2848,25790.0,,,82.7
2849,647174.0,,,
2850,460.0,,,86.2
2851,730.0,,,347.7
2852,5431.0,,,1569.3
2853,23040.0,,,75.2
2854,283951.0,,,
2855,133584.0,,,86.3
2856,2800.0,,,367.4
2857,1301.0,,,64.0
2858,8751.0,,,665.7
2859,7486.0,,,528.1
2860,8853.0,,,292.8
2861,64084.0,,,534.6
2862,4547.0,,,181.7
2863,55005.0,,,1.2
2864,622.0,,,316.6
2865,347365.0,,,9.6
2866,9361.0,,,695.8
2867,23082.0,,,50.0
2868,23742.0,,,19.4
2869,91851.0,,,32.4
2870,64834.0,,,636.2
2871,6872.0,,,1023.6
2872,57380.0,,,554.3
2873,357.0,,,260.8
2874,4233.0,,,1044.8
2875,79370.0,,,117.4
2876,10464.0,,,369.4
2877,4682.0,,,459.9
2878,7922.0,,,648.7
2879,56164.0,,,524.2
2880,5646.0,,,954.8
2881,2074.0,,,755.9
2882,219875.0,,,0.0
2883,5678.0,,,83.1
2884,4059.0,,,145.3
2885,776.0,,,608.8
2886,8972.0,,,180.9
2887,1441.0,,,843.3
2888,196968.0,,,
2889,390594.0,,,
2890,256892.0,,,1.0
2891,205717.0,,,383.0
2892,8575.0,,,885.4
2893,80204.0,,,743.1
2894,389840.0,,,579.9
2895,6838.0,,,840.2
2896,11236.0,,,377.1
2897,284086.0,,,714.3
2898,91181.0,,,
2899,1468.0,,,437.0
2900,127579.0,,,833.1
2901,653492.0,,,
2902,56474.0,,,918.8
2903,54443.0,,,833.7
2904,23301.0,,,128.4
2905,2217.0,,,1035.5
2906,782.0,,,433.0
2907,1373.0,,,1030.8
2908,219.0,,,1068.4
2909,85320.0,,,165.1
2910,80143.0,,,318.1
2911,57198.0,,,209.9
2912,283989.0,,,75.1
2913,56139.0,,,
2914,4172.0,,,1482.7
2915,200958.0,,,27.3
2916,390264.0,,,9.3
2917,7253.0,,,390.2
2918,780.0,,,785.5
2919,3127.0,,,37.9
2920,81704.0,,,955.2
2921,254050.0,,,
2922,3852.0,,,1041.4
2923,720.0,,,314.2
2924,8515.0,,,60.7
2925,84103.0,,,
2926,117583.0,,,766.2
2927,57707.0,,,101.9
2928,2887.0,,,580.3
2929,2897.0,,,432.4
2930,27018.0,,,510.8
2931,7007.0,,,146.6
2932,5042.0,,,1608.7
2933,390078.0,,,
2934,56996.0,,,646.3
2935,89766.0,,,286.4
2936,55089.0,,,195.6
2937,494119.0,,,0.4
2938,3834.0,,,9.3
2939,27163.0,,,0.5
2940,29118.0,,,565.5
2941,80235.0,,,428.0
2942,8291.0,,,276.1
2943,2145.0,,,760.6
2944,3751.0,,,307.2
2945,57452.0,,,242.3
2946,222826.0,,,
2947,2701.0,,,256.2
2948,94160.0,,,13.5
2949,9794.0,,,202.9
2950,208.0,,,1059.6
2951,391059.0,,,19.7
2952,8078.0,,,576.3
2953,2733.0,,,605.9
2954,387357.0,,,
2955,79776.0,,,143.2
2956,79443.0,,,111.2
2957,476.0,,,1290.7
2958,23504.0,,,105.5
2959,59269.0,,,185.5
2960,10969.0,,,1285.5
2961,391192.0,,,
2962,55691.0,,,57.6
2963,1871.0,,,705.1
2964,3918.0,,,115.1
2965,57466.0,,,315.2
2966,11122.0,,,135.7
2967,51295.0,,,262.4
2968,5794.0,,,295.5
2969,80864.0,,,241.1
2970,5125.0,,,608.4
2971,1195.0,,,1042.9
2972,55901.0,,,27.9
2973,9379.0,,,303.0
2974,57115.0,,,
2975,390181.0,,,
2976,7364.0,,,567.3
2977,955.0,,,616.5
2978,26033.0,,,173.9
2979,54477.0,,,498.0
2980,84898.0,,,182.6
2981,9459.0,,,672.2
2982,7412.0,,,648.6
2983,5535.0,,,674.8
2984,5925.0,,,1252.0
2985,83992.0,,,84.3
2986,11086.0,,,11.3
2987,140883.0,,,84.1
2988,25879.0,,,1280.1
2989,26140.0,,,2.1
2990,9871.0,,,138.0
2991,3117.0,,,400.6
2992,23116.0,,,193.4
2993,2319.0,,,334.4
2994,56896.0,,,408.0
2995,54887.0,,,
2996,388646.0,,,1.5
2997,441639.0,,,3.8
2998,124359.0,,,418.7
2999,1583.0,,,372.8
3000,80209.0,,,388.9
3001,22861.0,,,431.7
3002,25927.0,,,697.5
3003,54714.0,,,498.8
3004,85449.0,,,8.5
3005,22853.0,,,564.0
3006,83416.0,,,24.6
3007,2774.0,,,264.6
3008,9785.0,,,856.8
3009,775.0,,,668.3
3010,9700.0,,,781.1
3011,57530.0,,,470.9
3012,144193.0,,,402.1
3013,84916.0,,,1286.8
3014,5924.0,,,113.4
3015,83732.0,,,840.4
3016,1544.0,,,42.3
3017,654429.0,,,13.8
3018,3455.0,,,278.0
3019,9687.0,,,151.3
3020,9652.0,,,788.1
3021,148870.0,,,96.5
3022,921.0,,,734.9
3023,5649.0,,,156.9
3024,54873.0,,,184.6
3025,63874.0,,,571.6
3026,5930.0,,,755.5
3027,3913.0,,,427.2
3028,84166.0,,,637.8
3029,128368.0,,,7.4
3030,1512.0,,,689.5
3031,4763.0,,,1043.8
3032,340980.0,,,
3033,54464.0,,,1426.6
3034,29997.0,,,1104.5
3035,23092.0,,,633.0
3036,285220.0,,,115.9
3037,6993.0,,,399.8
3038,23433.0,,,447.8
3039,390151.0,,,
3040,3490.0,,,238.3
3041,26020.0,,,23.8
3042,121364.0,,,
3043,946.0,,,83.9
3044,10568.0,,,260.5
3045,84075.0,,,
3046,7015.0,,,661.9
3047,85441.0,,,117.6
3048,1374.0,,,71.6
3049,79589.0,,,475.2
3050,152110.0,,,811.4
3051,338567.0,,,116.1
3052,6730.0,,,572.5
3053,5723.0,,,1025.7
3054,169841.0,,,398.9
3055,55206.0,,,252.6
3056,3954.0,,,217.1
3057,10808.0,,,1054.6
3058,79892.0,,,59.0
3059,10417.0,,,
3060,340527.0,,,
3061,642938.0,,,
3062,201243.0,,,
3063,57480.0,,,17.1
3064,8654.0,,,82.6
3065,8665.0,,,816.8
3066,554.0,,,111.8
3067,55320.0,,,399.6
3068,55218.0,,,99.1
3069,80179.0,,,47.2
3070,8720.0,,,459.0
3071,6014.0,,,599.4
3072,50618.0,,,975.1
3073,23007.0,,,140.4
3074,80312.0,,,55.0
3075,55727.0,,,424.3
3076,3615.0,,,1561.6
3077,148066.0,,,31.2
3078,3890.0,,,251.3
3079,57731.0,,,442.9
3080,51092.0,,,828.0
3081,448831.0,,,
3082,9782.0,,,632.0
3083,2648.0,,,1032.9
3084,92736.0,,,24.1
3085,51003.0,,,244.1
3086,51491.0,,,287.4
3087,3663.0,,,127.3
3088,1108.0,,,711.3
3089,4045.0,,,328.5
3090,64855.0,,,12.8
3091,29994.0,,,53.3
3092,54878.0,,,201.2
3093,178.0,,,858.2
3094,5800.0,,,750.4
3095,1588.0,,,184.7
3096,4063.0,,,52.8
3097,54830.0,,,10.3
3098,390061.0,,,62.6
3099,80032.0,,,306.3
3100,157680.0,,,
3101,8875.0,,,108.5
3102,9758.0,,,102.7
3103,56833.0,,,448.2
3104,144568.0,,,29.5
3105,390093.0,,,43.4
3106,343169.0,,,42.5
3107,283987.0,,,618.0
3108,256949.0,,,198.2
3109,1786.0,,,873.9
3110,2889.0,,,413.4
3111,4881.0,,,195.1
3112,10128.0,,,1161.1
3113,22865.0,,,2.1
3114,3899.0,,,969.6
3115,11046.0,,,389.5
3116,23300.0,,,67.9
3117,55102.0,,,
3118,56154.0,,,
3119,1757.0,,,224.4
3120,84726.0,,,
3121,4625.0,,,1167.3
3122,79660.0,,,69.2
3123,119682.0,,,48.9
3124,28423.0,,,
3125,51562.0,,,150.9
3126,54832.0,,,490.2
3127,10520.0,,,457.4
3128,112802.0,,,
3129,9001.0,,,351.1
3130,4685.0,,,294.9
3131,390437.0,,,
3132,138474.0,,,856.4
3133,1306.0,,,398.1
3134,3106.0,,,690.0
3135,25764.0,,,60.2
3136,9340.0,,,146.4
3137,7226.0,,,163.0
3138,1627.0,,,364.5
3139,11260.0,,,1040.7
3140,8170.0,,,79.4
3141,10082.0,,,436.0
3142,57654.0,,,
3143,6585.0,,,899.2
3144,9881.0,,,
3145,57648.0,,,586.1
3146,60468.0,,,1124.1
3147,120892.0,,,422.5
3148,3704.0,,,838.2
3149,2550.0,,,547.6
3150,245973.0,,,545.6
3151,23143.0,,,399.8
3152,28388.0,,,
3153,10137.0,,,213.9
3154,1837.0,,,496.7
3155,3690.0,,,887.5
3156,6489.0,,,0.2
3157,22897.0,,,171.7
3158,116369.0,,,126.7
3159,4651.0,,,414.3
3160,84078.0,,,138.3
3161,5179.0,,,5.5
3162,131450.0,,,98.2
3163,1401.0,,,263.0
3164,9725.0,,,40.3
3165,410.0,,,267.8
3166,55191.0,,,319.0
3167,84928.0,,,
3168,23.0,,,101.3
3169,10125.0,,,405.5
3170,92017.0,,,115.0
3171,55164.0,,,263.8
3172,4152.0,,,405.1
3173,147409.0,,,
3174,51493.0,,,80.3
3175,283459.0,,,222.0
3176,3991.0,,,433.8
3177,145483.0,,,111.7
3178,4926.0,,,694.8
3179,4939.0,,,666.2
3180,374655.0,,,149.8
3181,23506.0,,,245.5
3182,23223.0,,,1200.1
3183,53335.0,,,132.2
3184,8888.0,,,445.2
3185,26.0,,,31.0
3186,114770.0,,,
3187,10057.0,,,327.3
3188,8366.0,,,1427.9
3189,136895.0,,,
3190,4111.0,,,45.6
3191,2011.0,,,1044.9
3192,390883.0,,,
3193,4110.0,,,171.9
3194,6335.0,,,126.2
3195,1801.0,,,1202.9
3196,80128.0,,,478.5
3197,257062.0,,,
3198,2346.0,,,452.6
3199,6331.0,,,321.8
3200,2892.0,,,520.3
3201,9534.0,,,556.8
3202,5354.0,,,541.6
3203,282770.0,,,
3204,1258.0,,,698.6
3205,9369.0,,,285.9
3206,104.0,,,438.9
3207,3501.0,,,
3208,3385.0,,,567.4
3209,1815.0,,,262.1
3210,2121.0,,,
3211,55030.0,,,168.4
3212,5518.0,,,1501.7
3213,23729.0,,,339.5
3214,24.0,,,146.7
3215,55299.0,,,1386.4
3216,6133.0,,,1480.2
3217,51167.0,,,263.3
3218,7579.0,,,350.9
3219,2634.0,,,1001.0
3220,55197.0,,,552.3
3221,23120.0,,,
3222,58484.0,,,117.4
3223,10462.0,,,798.5
3224,80063.0,,,131.4
3225,23347.0,,,
3226,79788.0,,,581.9
3227,840.0,,,1015.3
3228,10941.0,,,135.5
3229,65059.0,,,466.5
3230,132660.0,,,533.1
3231,51809.0,,,59.1
3232,9068.0,,,49.7
3233,5007.0,,,514.9
3234,9100.0,,,840.3
3235,7083.0,,,1159.8
3236,4185.0,,,11.6
3237,4217.0,,,1175.3
3238,63943.0,,,297.4
3239,27013.0,,,61.7
3240,7802.0,,,311.5
3241,100499483.0,,,
3242,3675.0,,,765.0
3243,5167.0,,,158.0
3244,5146.0,,,1.1
3245,9260.0,,,445.6
3246,118788.0,,,914.9
3247,5178.0,,,336.9
3248,11325.0,,,503.4
3249,3163.0,,,260.7
3250,201305.0,,,223.9
3251,51684.0,,,603.8
3252,3645.0,,,1309.7
3253,338674.0,,,5.5
3254,9267.0,,,264.8
3255,93210.0,,,605.2
3256,643664.0,,,
3257,54465.0,,,
3258,6718.0,,,339.6
3259,23516.0,,,38.2
3260,11186.0,,,459.7
3261,23452.0,,,748.4
3262,91351.0,,,
3263,120065.0,,,
3264,93233.0,,,
3265,256646.0,,,
3266,27152.0,,,67.8
3267,2328.0,,,412.7
3268,2555.0,,,51.0
3269,28983.0,,,98.6
3270,10994.0,,,272.8
3271,79802.0,,,12.6
3272,8541.0,,,192.1
3273,23025.0,,,711.2
3274,80270.0,,,273.5
3275,10930.0,,,5.7
3276,65981.0,,,117.3
3277,51224.0,,,78.7
3278,489.0,,,547.1
3279,29881.0,,,315.3
3280,4776.0,,,830.6
3281,25.0,,,1418.0
3282,79585.0,,,770.3
3283,152273.0,,,29.3
3284,57020.0,,,654.4
3285,84692.0,,,
3286,26251.0,,,16.6
3287,7161.0,,,754.4
3288,3309.0,,,1697.9
3289,9448.0,,,1019.8
3290,747.0,,,230.7
3291,7049.0,,,759.2
3292,56995.0,,,240.5
3293,54845.0,,,629.3
3294,9980.0,,,57.2
3295,219952.0,,,6.0
3296,56145.0,,,
3297,84628.0,,,70.6
3298,23767.0,,,40.1
3299,2890.0,,,699.6
3300,56129.0,,,
3301,10076.0,,,349.2
3302,9055.0,,,976.3
3303,2875.0,,,421.3
3304,79726.0,,,146.0
3305,123606.0,,,11.0
3306,11262.0,,,379.9
3307,3688.0,,,1154.3
3308,636.0,,,317.8
3309,4012.0,,,438.4
3310,5165.0,,,451.0
3311,959.0,,,139.9
3312,5069.0,,,366.3
3313,1281.0,,,1018.4
3314,1284.0,,,963.8
3315,1316.0,,,936.1
3316,7373.0,,,532.9
3317,116092.0,,,177.6
3318,220164.0,,,220.4
3319,5510.0,,,855.1
3320,7109.0,,,366.5
3321,1278.0,,,1338.8
3322,26152.0,,,506.5
3323,25813.0,,,674.6
3324,3717.0,,,1196.5
3325,1103.0,,,440.2
3326,83596.0,,,9.5
3327,64430.0,,,313.8
3328,5798.0,,,1217.2
3329,9904.0,,,970.1
3330,1780.0,,,633.8
3331,728215.0,,,
3332,8816.0,,,386.6
3333,245802.0,,,64.6
3334,8832.0,,,109.2
3335,3503.0,,,
3336,85415.0,,,553.0
3337,200312.0,,,
3338,53918.0,,,616.3
3339,55291.0,,,1084.7
3340,347527.0,,,6.9
3341,57338.0,,,144.9
3342,55275.0,,,346.8
3343,5795.0,,,583.4
3344,124274.0,,,65.4
3345,79783.0,,,65.2
3346,57194.0,,,232.2
3347,401250.0,,,
3348,1729.0,,,1379.3
3349,138311.0,,,
3350,1310.0,,,
3351,57539.0,,,67.5
3352,54187.0,,,200.1
3353,9061.0,,,873.1
3354,84636.0,,,
3355,4599.0,,,718.1
3356,27128.0,,,953.5
3357,6594.0,,,1092.2
3358,6546.0,,,577.4
3359,2580.0,,,818.0
3360,23317.0,,,525.6
3361,23383.0,,,124.0
3362,10848.0,,,241.7
3363,203074.0,,,
3364,55966.0,,,75.6
3365,64170.0,,,134.8
3366,27352.0,,,81.1
3367,84700.0,,,250.2
3368,56125.0,,,
3369,23310.0,,,376.1
3370,28959.0,,,
3371,117532.0,,,1.5
3372,57597.0,,,
3373,8437.0,,,603.0
3374,377677.0,,,178.7
3375,2863.0,,,7.6
3376,8661.0,,,1078.1
3377,65989.0,,,91.5
3378,3071.0,,,978.2
3379,2912.0,,,245.8
3380,79001.0,,,749.0
3381,2132.0,,,169.7
3382,101.0,,,551.0
3383,6278.0,,,271.7
3384,23258.0,,,265.4
3385,23461.0,,,187.3
3386,26167.0,,,9.8
3387,152789.0,,,646.2
3388,84172.0,,,1351.2
3389,55582.0,,,276.1
3390,4439.0,,,840.7
3391,51752.0,,,349.4
3392,22894.0,,,1239.1
3393,2592.0,,,846.7
3394,6775.0,,,524.7
3395,340578.0,,,
3396,27299.0,,,297.5
3397,448834.0,,,
3398,22852.0,,,131.6
3399,200403.0,,,
3400,79864.0,,,
3401,80724.0,,,91.9
3402,4993.0,,,
3403,79832.0,,,543.8
3404,6524.0,,,43.1
3405,4015.0,,,616.7
3406,3619.0,,,402.5
3407,26094.0,,,436.1
3408,55732.0,,,
3409,80184.0,,,113.6
3410,93663.0,,,629.5
3411,81617.0,,,414.2
3412,390429.0,,,
3413,7456.0,,,1101.5
3414,79173.0,,,42.8
3415,9639.0,,,
3416,259292.0,,,
3417,23240.0,,,170.8
3418,254552.0,,,439.0
3419,239.0,,,76.1
3420,10326.0,,,132.2
3421,131.0,,,69.9
3422,51386.0,,,738.0
3423,4289.0,,,189.8
3424,8455.0,,,682.0
3425,79908.0,,,101.0
3426,8567.0,,,954.7
3427,133522.0,,,81.4
3428,116966.0,,,172.6
3429,55770.0,,,1076.7
3430,4125.0,,,197.0
3431,8443.0,,,216.7
3432,51135.0,,,805.7
3433,271.0,,,502.1
3434,4067.0,,,1429.8
3435,387646.0,,,102.5
3436,23112.0,,,355.8
3437,1954.0,,,283.9
3438,55160.0,,,25.3
3439,26658.0,,,
3440,94015.0,,,33.1
3441,79012.0,,,1072.6
3442,5601.0,,,1340.5
3443,5676.0,,,
3444,4342.0,,,864.2
3445,10497.0,,,856.8
3446,3679.0,,,438.2
3447,51517.0,,,321.9
3448,28227.0,,,321.1
3449,22863.0,,,104.8
3450,10609.0,,,150.4
3451,372.0,,,769.2
3452,22911.0,,,66.2
3453,2275.0,,,561.9
3454,79368.0,,,285.2
3455,10769.0,,,958.0
3456,27161.0,,,1073.7
3457,6305.0,,,134.2
3458,137964.0,,,130.6
3459,2245.0,,,175.6
3460,22841.0,,,311.9
3461,28988.0,,,130.0
3462,6311.0,,,1006.6
3463,7185.0,,,992.3
3464,116443.0,,,233.1
3465,3075.0,,,179.4
3466,2899.0,,,405.0
3467,124751.0,,,
3468,89845.0,,,146.8
3469,114548.0,,,46.8
3470,546.0,,,418.1
3471,387129.0,,,
3472,9914.0,,,732.4
3473,10743.0,,,95.8
3474,143458.0,,,23.3
3475,55633.0,,,359.8
3476,8614.0,,,334.8
3477,9882.0,,,452.7
3478,148.0,,,125.8
3479,143684.0,,,46.6
3480,10401.0,,,668.6
3481,322.0,,,1065.6
3482,9290.0,,,2.6
3483,24148.0,,,1032.4
3484,389136.0,,,478.3
3485,403313.0,,,63.8
3486,50613.0,,,390.8
3487,5298.0,,,800.9
3488,22859.0,,,293.8
3489,7045.0,,,1059.0
3490,9681.0,,,521.0
3491,390142.0,,,
3492,320.0,,,790.5
3493,10555.0,,,385.4
3494,254268.0,,,
3495,55183.0,,,664.2
3496,7139.0,,,761.0
3497,91452.0,,,30.7
3498,7772.0,,,
3499,51735.0,,,259.7
3500,9787.0,,,813.2
3501,11107.0,,,115.6
3502,58506.0,,,373.4
3503,9732.0,,,637.0
3504,3633.0,,,183.1
3505,79414.0,,,104.4
3506,3681.0,,,99.4
3507,149647.0,,,
3508,7766.0,,,409.3
3509,23613.0,,,500.5
3510,317781.0,,,937.5
3511,10645.0,,,1039.9
3512,90956.0,,,179.9
3513,199777.0,,,
3514,8218.0,,,1028.5
3515,56252.0,,,
3516,54812.0,,,283.1
3517,8404.0,,,718.3
3518,22.0,,,343.6
3519,6821.0,,,349.9
3520,56270.0,,,183.7
3521,10180.0,,,103.1
3522,9108.0,,,1.5
3523,1439.0,,,1024.9
3524,7059.0,,,181.0
3525,55290.0,,,951.0
3526,4772.0,,,553.6
3527,2703.0,,,23.2
3528,114824.0,,,
3529,4147.0,,,339.8
3530,3313.0,,,1388.6
3531,57468.0,,,216.6
3532,6259.0,,,728.2
3533,378807.0,,,
3534,79705.0,,,522.5
3535,90332.0,,,110.0
3536,22981.0,,,350.3
3537,28461.0,,,
3538,84249.0,,,239.0
3539,3172.0,,,659.0
3540,23035.0,,,647.8
3541,57140.0,,,409.4
3542,8019.0,,,801.0
3543,4700.0,,,485.1
3544,3886.0,,,212.7
3545,6709.0,,,1070.1
3546,343505.0,,,
3547,1066.0,,,279.7
3548,3227.0,,,
3549,10999.0,,,437.3
3550,23617.0,,,607.4
3551,55867.0,,,201.3
3552,5136.0,,,236.9
3553,55959.0,,,73.4
3554,23657.0,,,523.1
3555,347051.0,,,137.8
3556,5104.0,,,379.6
3557,390212.0,,,151.9
3558,259295.0,,,983.4
3559,2803.0,,,700.5
3560,92797.0,,,213.7
3561,6625.0,,,1135.8
3562,26038.0,,,426.7
3563,120935.0,,,99.9
3564,219965.0,,,
3565,6561.0,,,689.6
3566,170063.0,,,
3567,5608.0,,,672.9
3568,9726.0,,,95.4
3569,2801.0,,,378.2
3570,9742.0,,,593.1
3571,54800.0,,,154.1
3572,146183.0,,,
3573,65061.0,,,692.9
3574,115352.0,,,139.3
3575,54576.0,,,155.5
3576,6817.0,,,235.5
3577,27151.0,,,114.5
3578,10903.0,,,40.7
3579,400569.0,,,624.8
3580,7369.0,,,114.7
3581,5336.0,,,1055.8
3582,10457.0,,,704.3
3583,4690.0,,,1091.0
3584,8392.0,,,5.0
3585,23113.0,,,167.6
3586,8726.0,,,554.8
3587,390436.0,,,6.7
3588,114836.0,,,99.6
3589,23131.0,,,410.1
3590,642475.0,,,
3591,58510.0,,,25.2
3592,8161.0,,,664.5
3593,55681.0,,,586.9
3594,55192.0,,,623.1
3595,63925.0,,,343.4
3596,3939.0,,,1283.4
3597,8001.0,,,324.2
3598,8500.0,,,824.4
3599,8664.0,,,1367.3
3600,440051.0,,,36.4
3601,57113.0,,,21.8
3602,3811.0,,,269.2
3603,4600.0,,,515.3
3604,246176.0,,,26.9
3605,2525.0,,,431.1
3606,492.0,,,569.1
3607,100129259.0,,,
3608,139249.0,,,
3609,27201.0,,,120.1
3610,51283.0,,,164.0
3611,6249.0,,,300.2
3612,284948.0,,,
3613,170527.0,,,
3614,154.0,,,608.1
3615,10294.0,,,1288.5
3616,10278.0,,,215.7
3617,55720.0,,,1237.7
3618,116985.0,,,12.6
3619,391196.0,,,5.0
3620,28964.0,,,684.3
3621,6441.0,,,133.3
3622,272.0,,,310.4
3623,57670.0,,,
3624,284680.0,,,
3625,140807.0,,,
3626,8532.0,,,367.9
3627,23041.0,,,171.2
3628,83594.0,,,341.2
3629,55655.0,,,549.0
3630,140678.0,,,
3631,50506.0,,,596.1
3632,389208.0,,,98.7
3633,80343.0,,,
3634,874.0,,,166.0
3635,23409.0,,,144.9
3636,54504.0,,,599.6
3637,84441.0,,,121.1
3638,221472.0,,,90.2
3639,283848.0,,,15.0
3640,51477.0,,,1232.3
3641,64421.0,,,368.0
3642,9150.0,,,618.2
3643,2859.0,,,63.9
3644,81786.0,,,21.0
3645,4308.0,,,243.5
3646,1602.0,,,931.1
3647,9814.0,,,81.0
3648,538.0,,,304.9
3649,7761.0,,,456.6
3650,90678.0,,,125.1
3651,63923.0,,,71.6
3652,2619.0,,,899.8
3653,6559.0,,,430.2
3654,6527.0,,,34.6
3655,55643.0,,,403.2
3656,1586.0,,,57.1
3657,22919.0,,,1237.2
3658,91694.0,,,615.5
3659,634.0,,,459.7
3660,53904.0,,,820.8
3661,22907.0,,,281.3
3662,283450.0,,,166.1
3663,51534.0,,,942.6
3664,55367.0,,,147.6
3665,119467.0,,,
3666,23101.0,,,966.7
3667,57019.0,,,65.8
3668,9940.0,,,34.4
3669,56128.0,,,
3670,4617.0,,,534.4
3671,643803.0,,,
3672,283777.0,,,
3673,10916.0,,,434.1
3674,5241.0,,,440.1
3675,81671.0,,,843.2
3676,200162.0,,,455.8
3677,4739.0,,,538.0
3678,5778.0,,,843.5
3679,833.0,,,690.5
3680,138883.0,,,
3681,55760.0,,,
3682,100506658.0,,,
3683,25959.0,,,316.1
3684,283985.0,,,39.4
3685,6424.0,,,516.5
3686,5091.0,,,781.2
3687,1488.0,,,891.1
3688,7448.0,,,1024.7
3689,6668.0,,,361.9
3690,1584.0,,,144.1
3691,51554.0,,,59.0
3692,6504.0,,,227.8
3693,27030.0,,,433.6
3694,54497.0,,,29.6
3695,7384.0,,,885.8
3696,149954.0,,,330.1
3697,6770.0,,,491.8
3698,4729.0,,,567.0
3699,8831.0,,,350.6
3700,84376.0,,,147.3
3701,7112.0,,,729.1
3702,2794.0,,,1161.8
3703,22906.0,,,302.8
3704,219482.0,,,4.2
3705,403278.0,,,
3706,55610.0,,,7.3
3707,923.0,,,163.8
3708,81929.0,,,1060.9
3709,57613.0,,,369.0
3710,153642.0,,,6.6
3711,22794.0,,,1079.7
3712,10324.0,,,49.6
3713,57533.0,,,20.9
3714,9183.0,,,887.6
3715,65985.0,,,466.9
3716,8805.0,,,1040.9
3717,23536.0,,,91.7
3718,58487.0,,,342.2
3719,146540.0,,,144.1
3720,23114.0,,,510.3
3721,4675.0,,,717.2
3722,51520.0,,,1052.9
3723,55809.0,,,490.3
3724,5161.0,,,599.7
3725,8863.0,,,468.0
3726,57147.0,,,101.0
3727,3098.0,,,755.3
3728,2762.0,,,177.1
3729,137682.0,,,101.8
3730,219447.0,,,54.0
3731,10551.0,,,258.1
3732,284729.0,,,
3733,83650.0,,,76.0
3734,57168.0,,,8.5
3735,23520.0,,,469.7
3736,65268.0,,,469.5
3737,51291.0,,,1038.8
3738,1104.0,,,1157.1
3739,3802.0,,,32.9
3740,5251.0,,,33.3
3741,9919.0,,,141.6
3742,51010.0,,,494.1
3743,5801.0,,,557.1
3744,3915.0,,,205.9
3745,18.0,,,916.9
3746,56992.0,,,1066.5
3747,5074.0,,,260.9
3748,56267.0,,,273.6
3749,2192.0,,,957.7
3750,118738.0,,,226.0
3751,290.0,,,933.3
3752,56203.0,,,174.4
3753,8470.0,,,1098.8
3754,4126.0,,,152.9
3755,55303.0,,,344.0
3756,2323.0,,,27.7
3757,51451.0,,,477.9
3758,79837.0,,,37.5
3759,375719.0,,,
3760,84905.0,,,152.1
3761,386678.0,,,253.7
3762,84203.0,,,601.3
3763,644768.0,,,
3764,256957.0,,,
3765,4043.0,,,204.4
3766,392335.0,,,
3767,56890.0,,,
3768,5651.0,,,201.8
3769,9701.0,,,760.6
3770,7538.0,,,980.9
3771,25900.0,,,147.2
3772,54507.0,,,236.6
3773,140469.0,,,567.3
3774,5442.0,,,86.5
3775,150696.0,,,206.0
3776,9365.0,,,381.4
3777,64900.0,,,6.6
3778,57591.0,,,366.8
3779,58509.0,,,69.3
3780,338557.0,,,74.3
3781,59341.0,,,291.8
3782,55717.0,,,53.4
3783,51773.0,,,287.7
3784,51129.0,,,323.2
3785,9823.0,,,20.2
3786,3674.0,,,794.1
3787,57178.0,,,389.7
3788,57162.0,,,186.5
3789,1857.0,,,934.8
3790,431705.0,,,31.6
3791,55344.0,,,178.1
3792,403253.0,,,5.9
3793,55051.0,,,36.2
3794,54849.0,,,
3795,3329.0,,,1540.4
3796,9743.0,,,616.4
3797,58.0,,,1427.2
3798,9389.0,,,130.0
3799,51317.0,,,678.3
3800,441442.0,,,
3801,30011.0,,,1115.9
3802,79139.0,,,322.0
3803,56606.0,,,562.7
3804,26267.0,,,
3805,9907.0,,,292.9
3806,25865.0,,,705.9
3807,9457.0,,,301.6
3808,25833.0,,,461.1
3809,728294.0,,,329.0
3810,5239.0,,,650.9
3811,150572.0,,,362.6
3812,11037.0,,,512.5
3813,23518.0,,,438.0
3814,28426.0,,,
3815,89884.0,,,293.3
3816,83759.0,,,147.3
3817,1847.0,,,380.2
3818,9153.0,,,15.8
3819,83903.0,,,
3820,10195.0,,,738.8
3821,347516.0,,,91.2
3822,79041.0,,,
3823,79441.0,,,58.3
3824,144577.0,,,
3825,128859.0,,,30.9
3826,5927.0,,,593.2
3827,9937.0,,,689.3
3828,3270.0,,,532.5
3829,26281.0,,,505.4
3830,25819.0,,,140.8
3831,3748.0,,,294.1
3832,3700.0,,,769.2
3833,3684.0,,,709.3
3834,9825.0,,,32.0
3835,116285.0,,,102.7
3836,1463.0,,,238.6
3837,9777.0,,,1057.3
3838,23139.0,,,762.3
3839,285349.0,,,348.5
3840,1557.0,,,148.0
3841,3590.0,,,60.1
3842,1559.0,,,174.5
3843,26025.0,,,
3844,128553.0,,,26.2
3845,4999.0,,,1024.4
3846,4054.0,,,561.7
3847,10211.0,,,473.0
3848,10576.0,,,1237.3
3849,151887.0,,,618.9
3850,80162.0,,,342.1
3851,57828.0,,,
3852,488.0,,,1372.8
3853,229.0,,,459.0
3854,400258.0,,,
3855,346606.0,,,117.0
3856,2260.0,,,1429.2
3857,57529.0,,,3.7
3858,158293.0,,,70.1
3859,163051.0,,,558.9
3860,84140.0,,,32.6
3861,57513.0,,,93.5
3862,6310.0,,,1115.2
3863,8828.0,,,149.1
3864,10893.0,,,378.5
3865,64215.0,,,334.4
3866,4842.0,,,676.9
3867,267002.0,,,
3868,4103.0,,,158.7
3869,57689.0,,,256.5
3870,11120.0,,,26.9
3871,22926.0,,,515.8
3872,2039.0,,,932.8
3873,9057.0,,,155.9
3874,221188.0,,,16.1
3875,56126.0,,,
3876,79919.0,,,23.2
3877,27320.0,,,
3878,148109.0,,,
3879,629.0,,,819.3
3880,340595.0,,,115.0
3881,2870.0,,,884.7
3882,51393.0,,,20.4
3883,2564.0,,,828.1
3884,51132.0,,,207.5
3885,8412.0,,,592.1
3886,51692.0,,,1085.6
3887,152015.0,,,241.8
3888,344320.0,,,
3889,399814.0,,,108.8
3890,63898.0,,,163.8
3891,3238.0,,,223.2
3892,94104.0,,,584.1
3893,51133.0,,,55.4
3894,103.0,,,511.4
3895,341152.0,,,
3896,2166.0,,,760.0
3897,119.0,,,665.0
3898,6340.0,,,1016.5
3899,57547.0,,,505.6
3900,123099.0,,,107.2
3901,84959.0,,,336.1
3902,7093.0,,,274.0
3903,219855.0,,,19.0
3904,9074.0,,,25.3
3905,4948.0,,,72.5
3906,26986.0,,,1785.6
3907,23373.0,,,711.1
3908,51566.0,,,480.0
3909,838.0,,,956.8
3910,6892.0,,,465.4
3911,23424.0,,,108.7
3912,54476.0,,,172.6
3913,79072.0,,,22.6
3914,2775.0,,,1416.9
3915,1270.0,,,185.0
3916,137012.0,,,
3917,57037.0,,,177.5
3918,286365.0,,,56.5
3919,54828.0,,,603.8
3920,7701.0,,,77.1
3921,55180.0,,,85.7
3922,153020.0,,,34.9
3923,26538.0,,,244.7
3924,3431.0,,,497.1
3925,64857.0,,,186.1
3926,55276.0,,,317.4
3927,22844.0,,,180.4
3928,2070.0,,,804.2
3929,79168.0,,,
3930,219429.0,,,
3931,79152.0,,,996.3
3932,90187.0,,,143.8
3933,114783.0,,,200.6
3934,23245.0,,,40.0
3935,1063.0,,,1217.3
3936,23244.0,,,591.1
3937,727.0,,,547.2
3938,200916.0,,,
3939,2822.0,,,270.4
3940,2886.0,,,579.2
3941,56140.0,,,
3942,10371.0,,,324.1
3943,26747.0,,,304.8
3944,871.0,,,995.0
3945,84079.0,,,480.1
3946,887.0,,,17.0
3947,114798.0,,,90.8
3948,56204.0,,,270.4
3949,92235.0,,,196.5
3950,10291.0,,,1192.3
3951,2982.0,,,116.5
3952,2998.0,,,567.2
3953,3030.0,,,762.0
3954,129049.0,,,
3955,2071.0,,,1061.0
3956,55295.0,,,67.9
3957,441376.0,,,
3958,214.0,,,454.7
3959,4340.0,,,14.9
3960,6564.0,,,519.7
3961,90362.0,,,1.7
3962,6580.0,,,94.3
3963,29113.0,,,3.7
3964,4804.0,,,712.6
3965,55756.0,,,152.9
3966,80352.0,,,109.9
3967,27291.0,,,
3968,4756.0,,,664.0
3969,23133.0,,,162.7
3970,23036.0,,,
3971,51726.0,,,464.7
3972,4629.0,,,1069.4
3973,53836.0,,,
3974,4644.0,,,1065.3
3975,6581.0,,,154.6
3976,57761.0,,,746.5
3977,23132.0,,,454.2
3978,10659.0,,,884.3
3979,338323.0,,,220.1
3980,119180.0,,,34.7
3981,4725.0,,,609.9
3982,57722.0,,,12.7
3983,10240.0,,,255.6
3984,6256.0,,,1071.6
3985,222229.0,,,20.1
3986,50651.0,,,
3987,2984.0,,,383.2
3988,9149.0,,,862.8
3989,114132.0,,,182.6
3990,392636.0,,,63.0
3991,8688.0,,,12.1
3992,339366.0,,,186.7
3993,9213.0,,,391.2
3994,158724.0,,,
3995,148811.0,,,733.7
3996,7178.0,,,838.1
3997,390167.0,,,
3998,94121.0,,,143.9
3999,3096.0,,,211.4
4000,9261.0,,,905.6
4001,78991.0,,,107.5
4002,197335.0,,,405.6
4003,9437.0,,,50.8
4004,29943.0,,,
4005,1123.0,,,271.2
4006,4987.0,,,63.2
4007,3554.0,,,835.1
4008,359948.0,,,687.9
4009,28682.0,,,
4010,51195.0,,,28.6
4011,282618.0,,,4.8
4012,26230.0,,,406.4
4013,79733.0,,,553.0
4014,57144.0,,,657.4
4015,10844.0,,,168.2
4016,83755.0,,,371.3
4017,145173.0,,,86.7
4018,403239.0,,,
4019,8829.0,,,505.3
4020,23250.0,,,267.7
4021,2776.0,,,1082.1
4022,729.0,,,175.8
4023,168667.0,,,127.1
4024,5873.0,,,914.1
4025,84720.0,,,293.7
4026,8989.0,,,71.6
4027,119587.0,,,634.2
4028,11052.0,,,718.8
4029,9863.0,,,1671.5
4030,7216.0,,,429.7
4031,23207.0,,,
4032,23144.0,,,217.2
4033,3752.0,,,59.0
4034,64092.0,,,844.1
4035,200931.0,,,197.8
4036,8727.0,,,349.8
4037,284403.0,,,592.6
4038,89858.0,,,271.3
4039,28420.0,,,
4040,63948.0,,,216.0
4041,5899.0,,,407.7
4042,7994.0,,,1226.9
4043,55107.0,,,289.9
4044,57186.0,,,14.9
4045,5995.0,,,23.2
4046,55624.0,,,
4047,8471.0,,,487.3
4048,8439.0,,,659.1
4049,211.0,,,925.9
4050,163.0,,,1065.3
4051,5787.0,,,496.8
4052,8871.0,,,1032.3
4053,392140.0,,,
4054,9869.0,,,397.6
4055,9159.0,,,841.8
4056,84890.0,,,234.1
4057,79167.0,,,
4058,150864.0,,,
4059,123775.0,,,27.1
4060,2914.0,,,189.7
4061,339324.0,,,
4062,51311.0,,,287.9
4063,3480.0,,,1546.4
4064,146862.0,,,361.7
4065,4929.0,,,274.6
4066,254783.0,,,
4067,219960.0,,,
4068,6960.0,,,
4069,56112.0,,,
4070,144165.0,,,345.5
4071,54819.0,,,91.2
4072,11030.0,,,739.8
4073,54899.0,,,322.1
4074,285368.0,,,46.8
4075,8887.0,,,404.9
4076,170506.0,,,682.3
4077,79956.0,,,238.7
4078,29930.0,,,
4079,283870.0,,,
4080,5338.0,,,677.3
4081,79058.0,,,154.4
4082,388325.0,,,
4083,3305.0,,,1340.2
4084,7403.0,,,1056.3
4085,3321.0,,,440.3
4086,29958.0,,,494.8
4087,54414.0,,,
4088,23647.0,,,319.3
4089,261729.0,,,110.7
4090,23583.0,,,184.7
4091,23284.0,,,106.9
4092,163223.0,,,405.0
4093,5062.0,,,1430.4
4094,119710.0,,,
4095,7047.0,,,109.1
4096,26036.0,,,337.1
4097,5306.0,,,239.9
4098,1268.0,,,102.6
4099,56111.0,,,
4100,29978.0,,,826.8
4101,22828.0,,,86.3
4102,3123.0,,,669.4
4103,83756.0,,,8.6
4104,5894.0,,,1641.8
4105,23584.0,,,7.8
4106,64423.0,,,230.5
4107,5034.0,,,1496.6
4108,84073.0,,,84.7
4109,3685.0,,,935.1
4110,7767.0,,,506.6
4111,400935.0,,,
4112,5638.0,,,27.3
4113,11277.0,,,538.2
4114,56339.0,,,351.7
4115,91156.0,,,30.3
4116,9728.0,,,221.4
4117,9648.0,,,569.1
4118,1428.0,,,31.1
4119,1080.0,,,1116.5
4120,9600.0,,,235.2
4121,64599.0,,,178.7
4122,58516.0,,,481.7
4123,6894.0,,,651.8
4124,11057.0,,,366.4
4125,83440.0,,,283.1
4126,6650.0,,,158.9
4127,63979.0,,,479.1
4128,23053.0,,,240.0
4129,4171.0,,,1424.2
4130,57592.0,,,
4131,80110.0,,,348.5
4132,157956.0,,,
4133,57605.0,,,240.3
4134,151790.0,,,399.9
4135,127255.0,,,293.8
4136,8384.0,,,
4137,8368.0,,,1407.5
4138,350383.0,,,
4139,57512.0,,,434.4
4140,2213.0,,,1241.8
4141,84125.0,,,371.6
4142,90485.0,,,49.3
4143,221336.0,,,
4144,6538.0,,,4.3
4145,55423.0,,,164.2
4146,53358.0,,,376.8
4147,54972.0,,,140.3
4148,196996.0,,,111.9
4149,4041.0,,,442.3
4150,23263.0,,,768.5
4151,339501.0,,,
4152,3091.0,,,882.6
4153,9788.0,,,173.6
4154,1608.0,,,268.5
4155,126549.0,,,98.8
4156,3673.0,,,819.8
4157,386676.0,,,253.7
4158,54914.0,,,4.8
4159,23231.0,,,56.7
4160,163479.0,,,
4161,5834.0,,,602.4
4162,23167.0,,,398.6
4163,116496.0,,,366.4
4164,1816.0,,,56.9
4165,55074.0,,,364.4
4166,285231.0,,,
4167,79710.0,,,276.2
4168,23046.0,,,701.2
4169,59284.0,,,62.1
4170,26532.0,,,22.2
4171,51136.0,,,237.1
4172,133121.0,,,32.1
4173,9498.0,,,56.1
4174,1629.0,,,350.2
4175,57633.0,,,61.1
4176,54490.0,,,161.3
4177,54053.0,,,
4178,6253.0,,,754.4
4179,84678.0,,,252.4
4180,55109.0,,,1051.0
4181,8666.0,,,1175.0
4182,54980.0,,,
4183,2334.0,,,553.9
4184,9096.0,,,16.6
4185,199870.0,,,53.6
4186,2159.0,,,573.1
4187,1917.0,,,1543.6
4188,25827.0,,,1063.1
4189,2828.0,,,5.4
4190,201232.0,,,741.8
4191,1758.0,,,222.0
4192,116935.0,,,
4193,54885.0,,,532.7
4194,474344.0,,,27.9
4195,23247.0,,,12.1
4196,56262.0,,,183.1
4197,115399.0,,,571.8
4198,11209.0,,,
4199,30833.0,,,42.8
4200,862.0,,,599.4
4201,23431.0,,,109.2
4202,2078.0,,,508.0
4203,285527.0,,,135.1
4204,348180.0,,,404.6
4205,9705.0,,,272.5
4206,197358.0,,,233.4
4207,55300.0,,,362.3
4208,57713.0,,,148.3
4209,6653.0,,,435.1
4210,1149.0,,,7.3
4211,3006.0,,,509.3
4212,9497.0,,,816.5
4213,5934.0,,,980.2
4214,8030.0,,,321.6
4215,2559.0,,,5.4
4216,113451.0,,,297.3
4217,10107.0,,,25.1
4218,4605.0,,,1197.6
4219,100526835.0,,,
4220,2847.0,,,20.7
4221,84612.0,,,792.9
4222,8986.0,,,727.0
4223,3775.0,,,999.4
4224,204474.0,,,127.6
4225,57697.0,,,706.3
4226,28513.0,,,74.9
4227,1277.0,,,1100.0
4228,26659.0,,,5.6
4229,84455.0,,,
4230,55508.0,,,61.1
4231,345079.0,,,81.4
4232,8233.0,,,125.8
4233,7932.0,,,
4234,11272.0,,,7.4
4235,122042.0,,,26.4
4236,3836.0,,,1243.6
4237,125.0,,,113.5
4238,219623.0,,,
4239,80217.0,,,
4240,575.0,,,277.1
4241,4829.0,,,12.9
4242,286753.0,,,
4243,64866.0,,,151.7
4244,4143.0,,,1395.2
4245,79611.0,,,95.4
4246,340075.0,,,39.7
4247,64240.0,,,3.6
4248,3293.0,,,499.6
4249,127.0,,,765.6
4250,85302.0,,,25.3
4251,84515.0,,,566.5
4252,127059.0,,,
4253,83639.0,,,163.5
4254,85015.0,,,234.2
4255,150709.0,,,144.0
4256,10714.0,,,536.8
4257,6238.0,,,354.1
4258,54625.0,,,788.3
4259,203228.0,,,211.4
4260,3838.0,,,1318.6
4261,23541.0,,,999.9
4262,442185.0,,,
4263,8394.0,,,835.3
4264,57109.0,,,982.4
4265,285877.0,,,
4266,5308.0,,,1109.1
4267,23493.0,,,232.6
4268,26608.0,,,642.5
4269,6924.0,,,869.6
4270,8347.0,,,1277.0
4271,57124.0,,,114.4
4272,3069.0,,,1383.2
4273,23590.0,,,229.1
4274,283687.0,,,
4275,89941.0,,,590.0
4276,1404.0,,,113.7
4277,84148.0,,,334.9
4278,51750.0,,,414.2
4279,84951.0,,,179.0
4280,252983.0,,,251.3
4281,136332.0,,,1120.9
4282,10392.0,,,325.1
4283,29986.0,,,119.0
4284,85285.0,,,9.2
4285,479.0,,,243.9
4286,54436.0,,,
4287,173.0,,,28.3
4288,6318.0,,,338.8
4289,219453.0,,,
4290,400668.0,,,
4291,25904.0,,,215.0
4292,345062.0,,,
4293,7503.0,,,
4294,56103.0,,,
4295,10331.0,,,193.8
4296,23380.0,,,409.5
4297,374378.0,,,52.8
4298,1982.0,,,480.9
4299,9738.0,,,217.1
4300,525.0,,,304.2
4301,161424.0,,,814.1
4302,3276.0,,,1505.8
4303,10154.0,,,81.6
4304,283316.0,,,333.6
4305,1261.0,,,679.8
4306,54836.0,,,296.8
4307,51077.0,,,633.6
4308,26018.0,,,263.3
4309,56983.0,,,
4310,113000.0,,,246.9
4311,11004.0,,,688.6
4312,9770.0,,,544.9
4313,113174.0,,,109.8
4314,3070.0,,,657.7
4315,219493.0,,,
4316,3725.0,,,1482.0
4317,84436.0,,,506.6
4318,23126.0,,,89.2
4319,10859.0,,,807.5
4320,8874.0,,,739.9
4321,10891.0,,,534.6
4322,3695.0,,,1150.2
4323,122742.0,,,
4324,25777.0,,,710.9
4325,65057.0,,,205.2
4326,9211.0,,,4.7
4327,26130.0,,,758.7
4328,6733.0,,,939.2
4329,23157.0,,,432.1
4330,326624.0,,,166.2
4331,58513.0,,,605.4
4332,115557.0,,,186.1
4333,257106.0,,,319.9
4334,343641.0,,,11.2
4335,3550.0,,,407.8
4336,51700.0,,,639.4
4337,3741.0,,,350.6
4338,11309.0,,,827.0
4339,441391.0,,,
4340,9398.0,,,123.7
4341,51343.0,,,1194.5
4342,6094.0,,,653.3
4343,4189.0,,,574.1
4344,5319.0,,,164.7
4345,51738.0,,,9.0
4346,59344.0,,,19.0
4347,100302212.0,,,
4348,404093.0,,,74.2
4349,11138.0,,,607.1
4350,10232.0,,,39.8
4351,10635.0,,,681.8
4352,90338.0,,,545.7
4353,150684.0,,,77.9
4354,166379.0,,,72.2
4355,57501.0,,,
4356,94120.0,,,32.2
4357,22801.0,,,65.3
4358,3696.0,,,188.7
4359,137362.0,,,323.1
4360,10161.0,,,877.7
4361,51256.0,,,467.9
4362,3920.0,,,508.0
4363,7564.0,,,646.9
4364,57827.0,,,740.2
4365,83605.0,,,482.8
4366,221143.0,,,310.9
4367,400566.0,,,7.3
4368,7545.0,,,488.2
4369,4609.0,,,1447.9
4370,23420.0,,,1041.2
4371,23096.0,,,
4372,6692.0,,,294.5
4373,57464.0,,,9.2
4374,6242.0,,,356.9
4375,81029.0,,,389.5
4376,6103.0,,,481.9
4377,92714.0,,,67.5
4378,56987.0,,,247.5
4379,63893.0,,,97.8
4380,29883.0,,,841.0
4381,51149.0,,,
4382,2160.0,,,395.3
4383,66002.0,,,152.8
4384,113.0,,,376.2
4385,10243.0,,,397.3
4386,80317.0,,,490.4
4387,340533.0,,,
4388,134526.0,,,119.7
4389,547.0,,,702.0
4390,23705.0,,,517.9
4391,389677.0,,,281.7
4392,2676.0,,,174.1
4393,401375.0,,,
4394,5480.0,,,512.4
4395,79843.0,,,
4396,4163.0,,,745.1
4397,535.0,,,1133.6
4398,1407.0,,,959.7
4399,9326.0,,,365.4
4400,27134.0,,,282.7
4401,6389.0,,,1029.9
4402,84295.0,,,
4403,63916.0,,,731.6
4404,55345.0,,,
4405,79324.0,,,
4406,9828.0,,,
4407,2107.0,,,1404.0
4408,4168.0,,,219.6
4409,8405.0,,,721.1
4410,10484.0,,,999.0
4411,6357.0,,,104.3
4412,4323.0,,,361.6
4413,342933.0,,,
4414,2155.0,,,193.0
4415,22984.0,,,353.1
4416,116224.0,,,
4417,26189.0,,,17.3
4418,5360.0,,,1041.8
4419,55131.0,,,1395.0
4420,123803.0,,,446.3
4421,149473.0,,,85.4
4422,26148.0,,,10.7
4423,79595.0,,,78.1
4424,22829.0,,,587.0
4425,4221.0,,,609.4
4426,729475.0,,,
4427,7707.0,,,399.7
4428,2041.0,,,870.2
4429,7060.0,,,38.9
4430,55297.0,,,31.9
4431,54874.0,,,769.2
4432,80150.0,,,930.7
4433,10.0,,,487.0
4434,2327.0,,,391.2
4435,84239.0,,,345.0
4436,55704.0,,,484.3
4437,57610.0,,,302.5
4438,23414.0,,,337.5
4439,112849.0,,,107.5
4440,5576.0,,,1071.5
4441,283383.0,,,13.2
4442,84179.0,,,33.5
4443,5746.0,,,139.0
4444,8353.0,,,1043.9
4445,359845.0,,,311.9
4446,8338.0,,,1323.6
4447,58489.0,,,
4448,8686.0,,,
4449,133558.0,,,181.8
4450,9844.0,,,612.9
4451,22885.0,,,705.6
4452,4593.0,,,725.5
4453,201595.0,,,1030.9
4454,145645.0,,,
4455,8125.0,,,1031.4
4456,58505.0,,,805.4
4457,92359.0,,,180.6
4458,653509.0,,,
4459,54629.0,,,20.0
4460,2199.0,,,946.7
4461,26054.0,,,232.4
4462,65975.0,,,566.1
4463,3561.0,,,811.7
4464,10452.0,,,1207.5
4465,85443.0,,,
4466,152687.0,,,650.8
4467,962.0,,,664.1
4468,130535.0,,,
4469,11112.0,,,934.1
4470,10690.0,,,
4471,387104.0,,,94.7
4472,2219.0,,,827.6
4473,51379.0,,,89.4
4474,57526.0,,,1.6
4475,134.0,,,331.1
4476,4115.0,,,55.9
4477,51001.0,,,24.2
4478,54847.0,,,
4479,2907.0,,,221.5
4480,284443.0,,,559.0
4481,83990.0,,,420.2
4482,11103.0,,,1323.6
4483,1349.0,,,733.3
4484,3821.0,,,124.0
4485,124637.0,,,153.0
4486,79591.0,,,50.7
4487,6002.0,,,714.9
4488,51669.0,,,319.7
4489,3428.0,,,198.0
4490,144245.0,,,17.6
4491,79020.0,,,19.2
4492,84883.0,,,461.3
4493,7422.0,,,762.7
4494,5016.0,,,59.9
4495,1026.0,,,1356.9
4496,64284.0,,,234.0
4497,284207.0,,,
4498,50937.0,,,167.9
4499,11074.0,,,8.8
4500,9675.0,,,78.2
4501,128866.0,,,683.0
4502,22938.0,,,1317.6
4503,441581.0,,,
4504,1952.0,,,709.9
4505,5783.0,,,506.6
4506,3716.0,,,1197.5
4507,9960.0,,,159.3
4508,153572.0,,,283.3
4509,826.0,,,510.2
4510,26508.0,,,590.6
4511,79068.0,,,
4512,9956.0,,,47.3
4513,9643.0,,,916.4
4514,54843.0,,,769.1
4515,23378.0,,,1108.7
4516,839.0,,,445.9
4517,54480.0,,,
4518,8935.0,,,192.9
4519,915.0,,,700.3
4520,79722.0,,,281.3
4521,5288.0,,,147.8
4522,57143.0,,,305.6
4523,4173.0,,,1318.4
